candle_num,timestamp,slug,title,candle_start,candle_end,btc_open,btc_close,btc_delta,actual_direction,decision,side_bought,buy_price,bet_amount,won,pnl,pnl_pct,cumulative_pnl,balance,win_rate,rsi,ema_signal,macd_signal,bb_signal,consensus_score,confidence
1,2026-02-20T18:55:00.149934+00:00,btc-updown-5m-1771613400,"Bitcoin Up or Down - February 20, 1:50PM-1:55PM ET",18:50:00 UTC,18:55:00 UTC,67782.39,67828.31,45.92,UP,SKIP_NO_CONSENSUS,,0.0000,0.00,False,0.0000,0.00,0.0000,10.0000,0.0,53.0,1,-1,0,0,
2,2026-02-20T19:05:00.120541+00:00,btc-updown-5m-1771614000,"Bitcoin Up or Down - February 20, 2:00PM-2:05PM ET",19:00:00 UTC,19:05:00 UTC,67924.22,67707.99,-216.23,DOWN,BUY_UP,UP,0.5100,1.50,False,-1.5000,-100.00,-1.5000,8.5000,0.0,58.7,1,1,0,2,LOW
3,2026-02-20T19:15:00.116134+00:00,btc-updown-5m-1771614600,"Bitcoin Up or Down - February 20, 2:10PM-2:15PM ET",19:10:00 UTC,19:15:00 UTC,67797.33,67709.07,-88.26,DOWN,BUY_DOWN,DOWN,0.4700,1.50,True,1.6915,112.77,0.1915,10.1915,50.0,49.6,-1,-1,0,-2,LOW
4,2026-02-20T19:25:00.155999+00:00,btc-updown-5m-1771615200,"Bitcoin Up or Down - February 20, 2:20PM-2:25PM ET",19:20:00 UTC,19:25:00 UTC,67724.75,67729.09,4.34,UP,BUY_DOWN,DOWN,0.5700,1.50,False,-1.5000,-100.00,-1.3085,8.6915,33.3,47.5,-1,-1,0,-2,LOW
5,2026-02-20T19:35:00.155755+00:00,btc-updown-5m-1771615800,"Bitcoin Up or Down - February 20, 2:30PM-2:35PM ET",19:30:00 UTC,19:35:00 UTC,67625.23,67782.69,157.46,UP,BUY_DOWN,DOWN,0.3600,1.50,False,-1.5000,-100.00,-2.8085,7.1915,25.0,41.0,-1,-1,0,-2,LOW
6,2026-02-20T19:45:00.167199+00:00,btc-updown-5m-1771616400,"Bitcoin Up or Down - February 20, 2:40PM-2:45PM ET",19:40:00 UTC,19:45:00 UTC,67762.85,67610.60,-152.25,DOWN,BUY_UP,UP,0.4100,1.50,False,-1.5000,-100.00,-4.3085,5.6915,20.0,48.6,1,1,0,2,LOW
8,2026-02-20T19:55:00.132195+00:00,btc-updown-5m-1771617000,"Bitcoin Up or Down - February 20, 2:50PM-2:55PM ET",19:50:00 UTC,19:55:00 UTC,67578.18,67656.84,78.66,UP,BUY_DOWN,DOWN,0.4900,1.50,False,-1.5000,-100.00,-5.8085,4.1915,16.7,37.2,-1,-1,0,-2,LOW
13,2026-02-20T20:05:00.145157+00:00,btc-updown-5m-1771617600,"Bitcoin Up or Down - February 20, 3:00PM-3:05PM ET",20:00:00 UTC,20:05:00 UTC,67646.03,67694.66,48.63,UP,SKIP_NO_CONSENSUS,,0.0000,0.00,False,0.0000,0.00,-5.8085,4.1915,16.7,47.2,-1,1,0,0,
17,2026-02-20T20:15:00.126677+00:00,btc-updown-5m-1771618200,"Bitcoin Up or Down - February 20, 3:10PM-3:15PM ET",20:10:00 UTC,20:15:00 UTC,67766.77,67816.34,49.57,UP,BUY_UP,UP,0.4900,1.50,True,1.5612,104.08,-4.2473,5.7527,28.6,58.2,1,1,0,2,LOW
18,2026-02-20T20:25:00.131030+00:00,btc-updown-5m-1771618800,"Bitcoin Up or Down - February 20, 3:20PM-3:25PM ET",20:20:00 UTC,20:25:00 UTC,67738.81,67662.75,-76.06,DOWN,SKIP_NO_CONSENSUS,,0.0000,0.00,False,0.0000,0.00,-4.2473,5.7527,28.6,48.7,1,-1,0,0,
19,2026-02-20T20:35:00.123357+00:00,btc-updown-5m-1771619400,"Bitcoin Up or Down - February 20, 3:30PM-3:35PM ET",20:30:00 UTC,20:35:00 UTC,67573.36,67574.01,0.65,UP,BUY_DOWN,DOWN,0.4800,1.50,False,-1.5000,-100.00,-5.7473,4.2527,25.0,37.9,-1,-1,0,-2,LOW
23,2026-02-20T20:45:00.137179+00:00,btc-updown-5m-1771620000,"Bitcoin Up or Down - February 20, 3:40PM-3:45PM ET",20:40:00 UTC,20:45:00 UTC,67679.24,67734.00,54.76,UP,SKIP_NO_CONSENSUS,,0.0000,0.00,False,0.0000,0.00,-5.7473,4.2527,25.0,57.3,-1,1,-1,-1,
27,2026-02-20T20:55:00.151847+00:00,btc-updown-5m-1771620600,"Bitcoin Up or Down - February 20, 3:50PM-3:55PM ET",20:50:00 UTC,20:55:00 UTC,67708.00,67682.15,-25.85,DOWN,BUY_UP,UP,0.5900,1.50,False,-1.5000,-100.00,-7.2473,2.7527,22.2,55.4,1,1,0,2,LOW
31,2026-02-20T21:05:00.159346+00:00,btc-updown-5m-1771621200,"Bitcoin Up or Down - February 20, 4:00PM-4:05PM ET",21:00:00 UTC,21:05:00 UTC,67750.41,67664.57,-85.84,DOWN,BUY_UP,UP,0.3200,1.50,False,-1.5000,-100.00,-8.7473,1.2527,20.0,58.9,1,1,0,2,LOW
36,2026-02-20T21:15:00.168761+00:00,btc-updown-5m-1771621800,"Bitcoin Up or Down - February 20, 4:10PM-4:15PM ET",21:10:00 UTC,21:15:00 UTC,67775.21,67720.54,-54.67,DOWN,BUY_UP,UP,0.5300,1.25,False,-1.2527,-100.00,-10.0000,0.0000,18.2,57.9,1,1,0,2,LOW
1,2026-02-20T21:50:00.158956+00:00,btc-updown-5m-1771623900,"Bitcoin Up or Down - February 20, 4:45PM-4:50PM ET",21:45:00 UTC,21:50:00 UTC,67764.00,67801.82,37.82,UP,SKIP_NO_CONSENSUS,,0.0000,0.00,False,0.0000,0.00,0.0000,10.0000,0.0,51.0,1,-1,0,0,
2,2026-02-20T22:00:00.160373+00:00,btc-updown-5m-1771624500,"Bitcoin Up or Down - February 20, 4:55PM-5:00PM ET",21:55:00 UTC,22:00:00 UTC,67796.31,67825.87,29.56,UP,SKIP_NO_CONSENSUS,,0.0000,0.00,False,0.0000,0.00,0.0000,10.0000,0.0,55.5,1,-1,0,0,
3,2026-02-20T22:10:00.158119+00:00,btc-updown-5m-1771625100,"Bitcoin Up or Down - February 20, 5:05PM-5:10PM ET",22:05:00 UTC,22:10:00 UTC,67788.81,67746.72,-42.09,DOWN,SKIP_THIN_BOOK,,0.4600,0.00,False,0.0000,0.00,0.0000,10.0000,0.0,51.5,-1,-1,0,-2,LOW
4,2026-02-20T22:20:00.140916+00:00,btc-updown-5m-1771625700,"Bitcoin Up or Down - February 20, 5:15PM-5:20PM ET",22:15:00 UTC,22:20:00 UTC,67659.40,67777.03,117.63,UP,BUY_DOWN,DOWN,0.2600,1.50,False,-1.5000,-100.00,-1.5000,8.5000,0.0,38.7,-1,-1,0,-2,LOW
5,2026-02-20T22:30:00.151915+00:00,btc-updown-5m-1771626300,"Bitcoin Up or Down - February 20, 5:25PM-5:30PM ET",22:25:00 UTC,22:30:00 UTC,67968.00,67936.49,-31.51,DOWN,SKIP_NO_CONSENSUS,,0.0000,0.00,False,0.0000,0.00,-1.5000,8.5000,0.0,65.8,1,1,-1,1,
6,2026-02-20T22:40:00.158912+00:00,btc-updown-5m-1771626900,"Bitcoin Up or Down - February 20, 5:35PM-5:40PM ET",22:35:00 UTC,22:40:00 UTC,67979.67,68017.19,37.52,UP,BUY_UP,UP,0.5000,1.50,True,1.5000,100.00,0.0000,10.0000,50.0,58.6,1,1,0,2,LOW
7,2026-02-20T22:50:00.116627+00:00,btc-updown-5m-1771627500,"Bitcoin Up or Down - February 20, 5:45PM-5:50PM ET",22:45:00 UTC,22:50:00 UTC,67963.75,68013.40,49.65,UP,SKIP_NO_CONSENSUS,,0.0000,0.00,False,0.0000,0.00,0.0000,10.0000,50.0,53.0,1,-1,0,0,
8,2026-02-20T23:00:00.139838+00:00,btc-updown-5m-1771628100,"Bitcoin Up or Down - February 20, 5:55PM-6:00PM ET",22:55:00 UTC,23:00:00 UTC,68049.96,68078.13,28.17,UP,SKIP_NO_CONSENSUS,,0.0000,0.00,False,0.0000,0.00,0.0000,10.0000,50.0,59.2,1,-1,0,0,
9,2026-02-20T23:10:00.111309+00:00,btc-updown-5m-1771628700,"Bitcoin Up or Down - February 20, 6:05PM-6:10PM ET",23:05:00 UTC,23:10:00 UTC,68116.50,68072.30,-44.20,DOWN,BUY_UP,UP,0.6100,1.50,False,-1.5000,-100.00,-1.5000,8.5000,33.3,60.4,1,1,0,2,LOW
10,2026-02-20T23:20:00.125450+00:00,btc-updown-5m-1771629300,"Bitcoin Up or Down - February 20, 6:15PM-6:20PM ET",23:15:00 UTC,23:20:00 UTC,68026.40,67990.50,-35.90,DOWN,BUY_DOWN,DOWN,0.5200,1.50,True,1.3846,92.31,-0.1154,9.8846,50.0,44.5,-1,-1,0,-2,LOW
11,2026-02-20T23:30:00.156231+00:00,btc-updown-5m-1771629900,"Bitcoin Up or Down - February 20, 6:25PM-6:30PM ET",23:25:00 UTC,23:30:00 UTC,67975.19,67996.48,21.29,UP,BUY_DOWN,DOWN,0.4400,1.50,False,-1.5000,-100.00,-1.6154,8.3846,40.0,40.2,-1,-1,0,-2,LOW
12,2026-02-20T23:40:00.118342+00:00,btc-updown-5m-1771630500,"Bitcoin Up or Down - February 20, 6:35PM-6:40PM ET",23:35:00 UTC,23:40:00 UTC,67975.49,67914.01,-61.48,DOWN,BUY_DOWN,DOWN,0.4500,1.50,True,1.8333,122.22,0.2179,10.2179,50.0,43.8,-1,-1,0,-2,LOW
13,2026-02-20T23:50:00.162750+00:00,btc-updown-5m-1771631100,"Bitcoin Up or Down - February 20, 6:45PM-6:50PM ET",23:45:00 UTC,23:50:00 UTC,67975.91,67962.67,-13.24,DOWN,SKIP_NO_CONSENSUS,,0.0000,0.00,False,0.0000,0.00,0.2179,10.2179,50.0,51.3,-1,1,0,0,
14,2026-02-21T00:00:00.152334+00:00,btc-updown-5m-1771631700,"Bitcoin Up or Down - February 20, 6:55PM-7:00PM ET",23:55:00 UTC,00:00:00 UTC,68018.00,68020.00,2.00,UP,BUY_UP,UP,0.5200,1.50,True,1.3846,92.31,1.6026,11.6026,57.1,55.1,1,1,0,2,LOW
15,2026-02-21T00:10:00.165642+00:00,btc-updown-5m-1771632300,"Bitcoin Up or Down - February 20, 7:05PM-7:10PM ET",00:05:00 UTC,00:10:00 UTC,68005.72,67976.86,-28.86,DOWN,SKIP_NO_CONSENSUS,,0.0000,0.00,False,0.0000,0.00,1.6026,11.6026,57.1,50.0,1,-1,0,0,
16,2026-02-21T00:20:00.117855+00:00,btc-updown-5m-1771632900,"Bitcoin Up or Down - February 20, 7:15PM-7:20PM ET",00:15:00 UTC,00:20:00 UTC,68017.36,67951.25,-66.11,DOWN,BUY_UP,UP,0.5000,1.50,False,-1.5000,-100.00,0.1026,10.1026,50.0,53.1,1,1,0,2,LOW
17,2026-02-21T00:30:00.158016+00:00,btc-updown-5m-1771633500,"Bitcoin Up or Down - February 20, 7:25PM-7:30PM ET",00:25:00 UTC,00:30:00 UTC,67964.31,67927.99,-36.32,DOWN,BUY_DOWN,DOWN,0.6400,1.50,True,0.8438,56.25,0.9463,10.9463,55.6,41.4,-1,-1,0,-2,LOW
18,2026-02-21T00:40:00.161570+00:00,btc-updown-5m-1771634100,"Bitcoin Up or Down - February 20, 7:35PM-7:40PM ET",00:35:00 UTC,00:40:00 UTC,67897.87,67910.41,12.54,UP,BUY_DOWN,DOWN,0.4100,1.50,False,-1.5000,-100.00,-0.5537,9.4463,50.0,37.5,-1,-1,0,-2,LOW
19,2026-02-21T00:50:00.122673+00:00,btc-updown-5m-1771634700,"Bitcoin Up or Down - February 20, 7:45PM-7:50PM ET",00:45:00 UTC,00:50:00 UTC,67840.68,67861.29,20.61,UP,SKIP_NO_CONSENSUS,,0.0000,0.00,False,0.0000,0.00,-0.5537,9.4463,50.0,34.1,-1,-1,1,-1,
20,2026-02-21T01:00:00.165837+00:00,btc-updown-5m-1771635300,"Bitcoin Up or Down - February 20, 7:55PM-8:00PM ET",00:55:00 UTC,01:00:00 UTC,67864.48,67841.00,-23.48,DOWN,SKIP_NO_CONSENSUS,,0.0000,0.00,False,0.0000,0.00,-0.5537,9.4463,50.0,44.1,-1,1,0,0,
21,2026-02-21T01:10:00.158984+00:00,btc-updown-5m-1771635900,"Bitcoin Up or Down - February 20, 8:05PM-8:10PM ET",01:05:00 UTC,01:10:00 UTC,67884.53,67908.80,24.27,UP,BUY_UP,UP,0.4600,1.50,True,1.7609,117.39,1.2072,11.2072,54.5,52.3,1,1,0,2,LOW
22,2026-02-21T01:20:00.135131+00:00,btc-updown-5m-1771636500,"Bitcoin Up or Down - February 20, 8:15PM-8:20PM ET",01:15:00 UTC,01:20:00 UTC,67918.00,67872.81,-45.19,DOWN,BUY_UP,UP,0.3300,1.50,False,-1.5000,-100.00,-0.2928,9.7072,50.0,57.1,1,1,0,2,LOW
23,2026-02-21T01:30:00.130537+00:00,btc-updown-5m-1771637100,"Bitcoin Up or Down - February 20, 8:25PM-8:30PM ET",01:25:00 UTC,01:30:00 UTC,67869.97,67856.59,-13.38,DOWN,BUY_DOWN,DOWN,0.5400,1.50,True,1.2778,85.19,0.9850,10.9850,53.8,47.2,-1,-1,0,-2,LOW
24,2026-02-21T01:40:00.134420+00:00,btc-updown-5m-1771637700,"Bitcoin Up or Down - February 20, 8:35PM-8:40PM ET",01:35:00 UTC,01:40:00 UTC,67879.15,67985.99,106.84,UP,BUY_UP,UP,0.4700,1.50,True,1.6915,112.77,2.6765,12.6765,57.1,49.6,1,1,0,2,LOW
25,2026-02-21T01:50:00.127561+00:00,btc-updown-5m-1771638300,"Bitcoin Up or Down - February 20, 8:45PM-8:50PM ET",01:45:00 UTC,01:50:00 UTC,67976.27,67994.48,18.21,UP,SKIP_THIN_BOOK,,0.5100,0.00,False,0.0000,0.00,2.6765,12.6765,57.1,63.9,1,1,0,2,LOW
26,2026-02-21T02:00:00.141875+00:00,btc-updown-5m-1771638900,"Bitcoin Up or Down - February 20, 8:55PM-9:00PM ET",01:55:00 UTC,02:00:00 UTC,67966.95,67956.00,-10.95,DOWN,SKIP_NO_CONSENSUS,,0.0000,0.00,False,0.0000,0.00,2.6765,12.6765,57.1,54.6,1,-1,0,0,
27,2026-02-21T02:10:00.119102+00:00,btc-updown-5m-1771639500,"Bitcoin Up or Down - February 20, 9:05PM-9:10PM ET",02:05:00 UTC,02:10:00 UTC,67933.99,67998.55,64.56,UP,BUY_DOWN,DOWN,0.5600,1.50,False,-1.5000,-100.00,1.1765,11.1765,53.3,45.0,-1,-1,0,-2,LOW
28,2026-02-21T02:20:00.127867+00:00,btc-updown-5m-1771640100,"Bitcoin Up or Down - February 20, 9:15PM-9:20PM ET",02:15:00 UTC,02:20:00 UTC,67989.02,67987.31,-1.71,DOWN,SKIP_THIN_BOOK,,0.6100,0.00,False,0.0000,0.00,1.1765,11.1765,53.3,57.0,1,1,0,2,LOW
29,2026-02-21T02:30:00.137465+00:00,btc-updown-5m-1771640700,"Bitcoin Up or Down - February 20, 9:25PM-9:30PM ET",02:25:00 UTC,02:30:00 UTC,68033.15,68055.21,22.06,UP,BUY_UP,UP,0.6100,1.50,True,0.9590,63.93,2.1355,12.1355,56.2,61.6,1,1,0,2,LOW
30,2026-02-21T02:40:00.122833+00:00,btc-updown-5m-1771641300,"Bitcoin Up or Down - February 20, 9:35PM-9:40PM ET",02:35:00 UTC,02:40:00 UTC,68058.28,68074.47,16.19,UP,SKIP_NO_CONSENSUS,,0.0000,0.00,False,0.0000,0.00,2.1355,12.1355,56.2,61.4,1,-1,0,0,
31,2026-02-21T02:50:00.145949+00:00,btc-updown-5m-1771641900,"Bitcoin Up or Down - February 20, 9:45PM-9:50PM ET",02:45:00 UTC,02:50:00 UTC,68070.67,68003.95,-66.72,DOWN,SKIP_NO_CONSENSUS,,0.0000,0.00,False,0.0000,0.00,2.1355,12.1355,56.2,54.8,1,-1,0,0,
32,2026-02-21T03:00:00.130730+00:00,btc-updown-5m-1771642500,"Bitcoin Up or Down - February 20, 9:55PM-10:00PM ET",02:55:00 UTC,03:00:00 UTC,68008.51,68001.05,-7.46,DOWN,BUY_DOWN,DOWN,0.5200,1.50,True,1.3846,92.31,3.5201,13.5201,58.8,46.7,-1,-1,0,-2,LOW
33,2026-02-21T03:10:00.152020+00:00,btc-updown-5m-1771643100,"Bitcoin Up or Down - February 20, 10:05PM-10:10PM ET",03:05:00 UTC,03:10:00 UTC,67799.99,67704.19,-95.80,DOWN,SKIP_NO_CONSENSUS,,0.0000,0.00,False,0.0000,0.00,3.5201,13.5201,58.8,24.0,-1,-1,0,-1,
34,2026-02-21T03:20:00.152647+00:00,btc-updown-5m-1771643700,"Bitcoin Up or Down - February 20, 10:15PM-10:20PM ET",03:15:00 UTC,03:20:00 UTC,67761.42,67751.80,-9.62,DOWN,SKIP_NO_CONSENSUS,,0.0000,0.00,False,0.0000,0.00,3.5201,13.5201,58.8,34.6,-1,1,0,0,
35,2026-02-21T03:30:00.139590+00:00,btc-updown-5m-1771644300,"Bitcoin Up or Down - February 20, 10:25PM-10:30PM ET",03:25:00 UTC,03:30:00 UTC,67812.74,67800.30,-12.44,DOWN,SKIP_NO_CONSENSUS,,0.0000,0.00,False,0.0000,0.00,3.5201,13.5201,58.8,49.6,-1,1,0,0,
36,2026-02-21T03:40:00.157967+00:00,btc-updown-5m-1771644900,"Bitcoin Up or Down - February 20, 10:35PM-10:40PM ET",03:35:00 UTC,03:40:00 UTC,67797.71,67768.32,-29.39,DOWN,SKIP_THIN_BOOK,,0.3300,0.00,False,0.0000,0.00,3.5201,13.5201,58.8,45.4,1,1,0,2,LOW
37,2026-02-21T03:50:00.125204+00:00,btc-updown-5m-1771645500,"Bitcoin Up or Down - February 20, 10:45PM-10:50PM ET",03:45:00 UTC,03:50:00 UTC,67616.93,67634.71,17.78,UP,SKIP_NO_CONSENSUS,,0.0000,0.00,False,0.0000,0.00,3.5201,13.5201,58.8,29.3,-1,-1,0,-1,
38,2026-02-21T04:00:00.123930+00:00,btc-updown-5m-1771646100,"Bitcoin Up or Down - February 20, 10:55PM-11:00PM ET",03:55:00 UTC,04:00:00 UTC,67639.60,67667.77,28.17,UP,SKIP_NO_CONSENSUS,,0.0000,0.00,False,0.0000,0.00,3.5201,13.5201,58.8,40.1,-1,1,0,0,
39,2026-02-21T04:10:00.133509+00:00,btc-updown-5m-1771646700,"Bitcoin Up or Down - February 20, 11:05PM-11:10PM ET",04:05:00 UTC,04:10:00 UTC,67631.95,67686.17,54.22,UP,SKIP_NO_CONSENSUS,,0.0000,0.00,False,0.0000,0.00,3.5201,13.5201,58.8,44.4,-1,1,0,0,
40,2026-02-21T04:20:00.143578+00:00,btc-updown-5m-1771647300,"Bitcoin Up or Down - February 20, 11:15PM-11:20PM ET",04:15:00 UTC,04:20:00 UTC,67662.20,67623.76,-38.44,DOWN,BUY_UP,UP,0.5900,1.50,False,-1.5000,-100.00,2.0201,12.0201,55.6,49.3,1,1,0,2,LOW
41,2026-02-21T04:30:00.147367+00:00,btc-updown-5m-1771647900,"Bitcoin Up or Down - February 20, 11:25PM-11:30PM ET",04:25:00 UTC,04:30:00 UTC,67672.59,67717.00,44.41,UP,SKIP_NO_CONSENSUS,,0.0000,0.00,False,0.0000,0.00,2.0201,12.0201,55.6,54.0,-1,1,0,0,
42,2026-02-21T04:40:00.175747+00:00,btc-updown-5m-1771648500,"Bitcoin Up or Down - February 20, 11:35PM-11:40PM ET",04:35:00 UTC,04:40:00 UTC,67723.53,67697.04,-26.49,DOWN,BUY_UP,UP,0.7200,1.50,False,-1.5000,-100.00,0.5201,10.5201,52.6,61.2,1,1,0,2,LOW
43,2026-02-21T04:50:00.140885+00:00,btc-updown-5m-1771649100,"Bitcoin Up or Down - February 20, 11:45PM-11:50PM ET",04:45:00 UTC,04:50:00 UTC,67698.30,67716.66,18.36,UP,SKIP_NO_CONSENSUS,,0.0000,0.00,False,0.0000,0.00,0.5201,10.5201,52.6,51.7,1,-1,0,0,
44,2026-02-21T05:00:00.156183+00:00,btc-updown-5m-1771649700,"Bitcoin Up or Down - February 20, 11:55PM-12:00AM ET",04:55:00 UTC,05:00:00 UTC,67749.19,67816.97,67.78,UP,BUY_UP,UP,0.4700,1.50,True,1.6915,112.77,2.2116,12.2116,55.0,56.7,1,1,0,2,LOW
45,2026-02-21T05:10:00.127731+00:00,btc-updown-5m-1771650300,"Bitcoin Up or Down - February 21, 12:05AM-12:10AM ET",05:05:00 UTC,05:10:00 UTC,67845.23,67841.97,-3.26,DOWN,BUY_UP,UP,0.3400,1.50,False,-1.5000,-100.00,0.7116,10.7116,52.4,63.5,1,1,0,2,LOW
46,2026-02-21T05:20:00.141662+00:00,btc-updown-5m-1771650900,"Bitcoin Up or Down - February 21, 12:15AM-12:20AM ET",05:15:00 UTC,05:20:00 UTC,67848.20,67855.04,6.84,UP,SKIP_NO_CONSENSUS,,0.0000,0.00,False,0.0000,0.00,0.7116,10.7116,52.4,61.8,1,-1,0,0,
47,2026-02-21T05:30:00.143053+00:00,btc-updown-5m-1771651500,"Bitcoin Up or Down - February 21, 12:25AM-12:30AM ET",05:25:00 UTC,05:30:00 UTC,67852.97,67860.94,7.97,UP,SKIP_NO_CONSENSUS,,0.0000,0.00,False,0.0000,0.00,0.7116,10.7116,52.4,57.0,1,-1,0,0,
48,2026-02-21T05:40:00.139729+00:00,btc-updown-5m-1771652100,"Bitcoin Up or Down - February 21, 12:35AM-12:40AM ET",05:35:00 UTC,05:40:00 UTC,67875.38,67825.35,-50.03,DOWN,SKIP_NO_CONSENSUS,,0.0000,0.00,False,0.0000,0.00,0.7116,10.7116,52.4,57.6,1,-1,0,0,
49,2026-02-21T05:50:00.129701+00:00,btc-updown-5m-1771652700,"Bitcoin Up or Down - February 21, 12:45AM-12:50AM ET",05:45:00 UTC,05:50:00 UTC,67858.55,67823.27,-35.28,DOWN,SKIP_THIN_BOOK,,0.4700,0.00,False,0.0000,0.00,0.7116,10.7116,52.4,54.1,1,1,0,2,LOW
50,2026-02-21T06:00:00.116419+00:00,btc-updown-5m-1771653300,"Bitcoin Up or Down - February 21, 12:55AM-1:00AM ET",05:55:00 UTC,06:00:00 UTC,67867.86,67851.93,-15.93,DOWN,BUY_UP,UP,0.4200,1.50,False,-1.5000,-100.00,-0.7884,9.2116,50.0,58.3,1,1,0,2,LOW
51,2026-02-21T06:10:00.156731+00:00,btc-updown-5m-1771653900,"Bitcoin Up or Down - February 21, 1:05AM-1:10AM ET",06:05:00 UTC,06:10:00 UTC,67877.91,67867.81,-10.10,DOWN,BUY_UP,UP,0.4100,1.50,False,-1.5000,-100.00,-2.2884,7.7116,47.8,56.6,1,1,0,2,LOW
53,2026-02-21T06:20:00.153715+00:00,btc-updown-5m-1771654500,"Bitcoin Up or Down - February 21, 1:15AM-1:20AM ET",06:15:00 UTC,06:20:00 UTC,67917.32,67911.99,-5.33,DOWN,BUY_UP,UP,0.5000,1.50,False,-1.5000,-100.00,-3.7884,6.2116,45.8,67.1,1,1,0,2,LOW
58,2026-02-21T06:30:00.128077+00:00,btc-updown-5m-1771655100,"Bitcoin Up or Down - February 21, 1:25AM-1:30AM ET",06:25:00 UTC,06:30:00 UTC,67888.50,67873.26,-15.24,DOWN,SKIP_NO_CONSENSUS,,0.0000,0.00,False,0.0000,0.00,-3.7884,6.2116,45.8,51.0,1,-1,0,0,
62,2026-02-21T06:40:00.123547+00:00,btc-updown-5m-1771655700,"Bitcoin Up or Down - February 21, 1:35AM-1:40AM ET",06:35:00 UTC,06:40:00 UTC,67812.99,67759.58,-53.41,DOWN,BUY_DOWN,DOWN,0.3700,1.50,True,2.5541,170.27,-1.2344,8.7656,48.0,34.7,-1,-1,0,-2,LOW
63,2026-02-21T06:50:00.130571+00:00,btc-updown-5m-1771656300,"Bitcoin Up or Down - February 21, 1:45AM-1:50AM ET",06:45:00 UTC,06:50:00 UTC,67778.72,67750.98,-27.74,DOWN,BUY_DOWN,DOWN,0.5700,1.50,True,1.1316,75.44,-0.1028,9.8972,50.0,36.4,-1,-1,0,-2,LOW
64,2026-02-21T07:00:00.147631+00:00,btc-updown-5m-1771656900,"Bitcoin Up or Down - February 21, 1:55AM-2:00AM ET",06:55:00 UTC,07:00:00 UTC,67778.83,67793.38,14.55,UP,SKIP_NO_CONSENSUS,,0.0000,0.00,False,0.0000,0.00,-0.1028,9.8972,50.0,43.7,-1,1,0,0,
65,2026-02-21T07:10:00.172981+00:00,btc-updown-5m-1771657500,"Bitcoin Up or Down - February 21, 2:05AM-2:10AM ET",07:05:00 UTC,07:10:00 UTC,67762.33,67829.99,67.66,UP,SKIP_NO_CONSENSUS,,0.0000,0.00,False,0.0000,0.00,-0.1028,9.8972,50.0,43.6,-1,1,0,0,
66,2026-02-21T07:20:00.170586+00:00,btc-updown-5m-1771658100,"Bitcoin Up or Down - February 21, 2:15AM-2:20AM ET",07:15:00 UTC,07:20:00 UTC,67825.45,67838.93,13.48,UP,BUY_UP,UP,0.4700,1.50,True,1.6915,112.77,1.5887,11.5887,51.9,60.3,1,1,0,2,LOW
67,2026-02-21T07:30:00.116417+00:00,btc-updown-5m-1771658700,"Bitcoin Up or Down - February 21, 2:25AM-2:30AM ET",07:25:00 UTC,07:30:00 UTC,67850.01,67856.01,6.00,UP,BUY_UP,UP,0.6300,1.50,True,0.8810,58.73,2.4696,12.4696,53.6,69.8,1,1,0,2,LOW
68,2026-02-21T07:40:00.157387+00:00,btc-updown-5m-1771659300,"Bitcoin Up or Down - February 21, 2:35AM-2:40AM ET",07:35:00 UTC,07:40:00 UTC,67866.20,67869.31,3.11,UP,SKIP_NO_CONSENSUS,,0.0000,0.00,False,0.0000,0.00,2.4696,12.4696,53.6,74.5,1,-1,0,-1,
69,2026-02-21T07:50:00.153660+00:00,btc-updown-5m-1771659900,"Bitcoin Up or Down - February 21, 2:45AM-2:50AM ET",07:45:00 UTC,07:50:00 UTC,67834.07,67842.33,8.26,UP,BUY_DOWN,DOWN,0.4100,1.50,False,-1.5000,-100.00,0.9696,10.9696,51.7,45.0,-1,-1,0,-2,LOW
70,2026-02-21T08:00:00.143856+00:00,btc-updown-5m-1771660500,"Bitcoin Up or Down - February 21, 2:55AM-3:00AM ET",07:55:00 UTC,08:00:00 UTC,67845.77,67856.01,10.24,UP,SKIP_NO_CONSENSUS,,0.0000,0.00,False,0.0000,0.00,0.9696,10.9696,51.7,48.8,1,-1,0,0,
71,2026-02-21T08:10:00.148441+00:00,btc-updown-5m-1771661100,"Bitcoin Up or Down - February 21, 3:05AM-3:10AM ET",08:05:00 UTC,08:10:00 UTC,67861.69,67893.80,32.11,UP,BUY_UP,UP,0.6300,1.50,True,0.8810,58.73,1.8506,11.8506,53.3,58.6,1,1,0,2,LOW
72,2026-02-21T08:20:00.175113+00:00,btc-updown-5m-1771661700,"Bitcoin Up or Down - February 21, 3:15AM-3:20AM ET",08:15:00 UTC,08:20:00 UTC,67910.49,67941.03,30.54,UP,SKIP_NO_CONSENSUS,,0.0000,0.00,False,0.0000,0.00,1.8506,11.8506,53.3,76.3,1,1,0,1,
73,2026-02-21T08:30:00.159989+00:00,btc-updown-5m-1771662300,"Bitcoin Up or Down - February 21, 3:25AM-3:30AM ET",08:25:00 UTC,08:30:00 UTC,67964.02,67980.85,16.83,UP,SKIP_NO_CONSENSUS,,0.0000,0.00,False,0.0000,0.00,1.8506,11.8506,53.3,74.4,1,1,0,1,
74,2026-02-21T08:40:00.173193+00:00,btc-updown-5m-1771662900,"Bitcoin Up or Down - February 21, 3:35AM-3:40AM ET",08:35:00 UTC,08:40:00 UTC,67988.94,67943.37,-45.57,DOWN,SKIP_NO_CONSENSUS,,0.0000,0.00,False,0.0000,0.00,1.8506,11.8506,53.3,75.4,1,-1,0,-1,
75,2026-02-21T08:50:00.155930+00:00,btc-updown-5m-1771663500,"Bitcoin Up or Down - February 21, 3:45AM-3:50AM ET",08:45:00 UTC,08:50:00 UTC,68000.02,67989.95,-10.07,DOWN,BUY_UP,UP,0.4900,1.50,False,-1.5000,-100.00,0.3506,10.3506,51.6,64.3,1,1,0,2,LOW
76,2026-02-21T09:00:00.150055+00:00,btc-updown-5m-1771664100,"Bitcoin Up or Down - February 21, 3:55AM-4:00AM ET",08:55:00 UTC,09:00:00 UTC,68018.86,68055.03,36.17,UP,SKIP_WIDE_SPREAD,,0.6000,0.00,False,0.0000,0.00,0.3506,10.3506,51.6,61.9,1,1,0,2,LOW
77,2026-02-21T09:10:00.125788+00:00,btc-updown-5m-1771664700,"Bitcoin Up or Down - February 21, 4:05AM-4:10AM ET",09:05:00 UTC,09:10:00 UTC,68035.42,67978.90,-56.52,DOWN,BUY_UP,UP,0.5100,1.50,False,-1.5000,-100.00,-1.1494,8.8506,50.0,55.0,1,1,0,2,LOW
78,2026-02-21T09:20:00.122942+00:00,btc-updown-5m-1771665300,"Bitcoin Up or Down - February 21, 4:15AM-4:20AM ET",09:15:00 UTC,09:20:00 UTC,68000.27,68116.51,116.24,UP,BUY_DOWN,DOWN,0.4500,1.50,False,-1.5000,-100.00,-2.6494,7.3506,48.5,47.9,-1,-1,0,-2,LOW
80,2026-02-21T09:30:00.149595+00:00,btc-updown-5m-1771665900,"Bitcoin Up or Down - February 21, 4:25AM-4:30AM ET",09:25:00 UTC,09:30:00 UTC,68272.31,68235.09,-37.22,DOWN,SKIP_NO_CONSENSUS,,0.0000,0.00,False,0.0000,0.00,-2.6494,7.3506,48.5,74.0,1,1,0,1,
81,2026-02-21T09:40:00.134886+00:00,btc-updown-5m-1771666500,"Bitcoin Up or Down - February 21, 4:35AM-4:40AM ET",09:35:00 UTC,09:40:00 UTC,68209.84,68224.77,14.93,UP,SKIP_NO_CONSENSUS,,0.0000,0.00,False,0.0000,0.00,-2.6494,7.3506,48.5,59.3,1,-1,0,0,
82,2026-02-21T09:50:00.148187+00:00,btc-updown-5m-1771667100,"Bitcoin Up or Down - February 21, 4:45AM-4:50AM ET",09:45:00 UTC,09:50:00 UTC,68194.90,68205.97,11.07,UP,SKIP_NO_CONSENSUS,,0.0000,0.00,False,0.0000,0.00,-2.6494,7.3506,48.5,52.0,1,-1,0,0,
83,2026-02-21T10:00:00.147608+00:00,btc-updown-5m-1771667700,"Bitcoin Up or Down - February 21, 4:55AM-5:00AM ET",09:55:00 UTC,10:00:00 UTC,68147.03,68147.53,0.50,UP,BUY_DOWN,DOWN,0.5000,1.50,False,-1.5000,-100.00,-4.1494,5.8506,47.1,39.5,-1,-1,0,-2,LOW
88,2026-02-21T10:10:00.133469+00:00,btc-updown-5m-1771668300,"Bitcoin Up or Down - February 21, 5:05AM-5:10AM ET",10:05:00 UTC,10:10:00 UTC,68224.40,68206.92,-17.48,DOWN,BUY_UP,UP,0.4800,1.50,False,-1.5000,-100.00,-5.6494,4.3506,45.7,60.3,1,1,0,2,LOW
93,2026-02-21T10:20:00.164814+00:00,btc-updown-5m-1771668900,"Bitcoin Up or Down - February 21, 5:15AM-5:20AM ET",10:15:00 UTC,10:20:00 UTC,68182.25,68150.57,-31.68,DOWN,BUY_DOWN,DOWN,0.4500,1.50,True,1.8333,122.22,-3.8161,6.1839,47.2,46.3,-1,-1,0,-2,LOW
97,2026-02-21T10:30:00.144119+00:00,btc-updown-5m-1771669500,"Bitcoin Up or Down - February 21, 5:25AM-5:30AM ET",10:25:00 UTC,10:30:00 UTC,68191.91,68184.94,-6.97,DOWN,SKIP_NO_CONSENSUS,,0.0000,0.00,False,0.0000,0.00,-3.8161,6.1839,47.2,50.4,-1,1,0,0,
101,2026-02-21T10:40:00.146922+00:00,btc-updown-5m-1771670100,"Bitcoin Up or Down - February 21, 5:35AM-5:40AM ET",10:35:00 UTC,10:40:00 UTC,68181.83,68213.72,31.89,UP,BUY_UP,UP,0.5000,1.50,True,1.5000,100.00,-2.3161,7.6839,48.6,48.2,1,1,0,2,LOW
102,2026-02-21T10:50:00.149691+00:00,btc-updown-5m-1771670700,"Bitcoin Up or Down - February 21, 5:45AM-5:50AM ET",10:45:00 UTC,10:50:00 UTC,68223.74,68204.00,-19.74,DOWN,BUY_UP,UP,0.3300,1.50,False,-1.5000,-100.00,-3.8161,6.1839,47.4,54.4,1,1,0,2,LOW
106,2026-02-21T11:00:00.168938+00:00,btc-updown-5m-1771671300,"Bitcoin Up or Down - February 21, 5:55AM-6:00AM ET",10:55:00 UTC,11:00:00 UTC,68164.31,68215.55,51.24,UP,SKIP_NO_CONSENSUS,,0.0000,0.00,False,0.0000,0.00,-3.8161,6.1839,47.4,40.5,-1,-1,1,-1,
110,2026-02-21T11:10:00.167575+00:00,btc-updown-5m-1771671900,"Bitcoin Up or Down - February 21, 6:05AM-6:10AM ET",11:05:00 UTC,11:10:00 UTC,68210.72,68260.78,50.06,UP,SKIP_NO_DATA,,0.0000,0.00,False,0.0000,0.00,-3.8161,6.1839,47.4,0.0,0,0,0,0,
114,2026-02-21T11:20:00.128014+00:00,btc-updown-5m-1771672500,"Bitcoin Up or Down - February 21, 6:15AM-6:20AM ET",11:15:00 UTC,11:20:00 UTC,68266.00,68246.01,-19.99,DOWN,BUY_UP,UP,0.2900,1.50,False,-1.5000,-100.00,-5.3161,4.6839,46.2,58.5,1,1,0,2,LOW
118,2026-02-21T11:30:00.158824+00:00,btc-updown-5m-1771673100,"Bitcoin Up or Down - February 21, 6:25AM-6:30AM ET",11:25:00 UTC,11:30:00 UTC,68191.63,68180.10,-11.53,DOWN,SKIP_NO_CONSENSUS,,0.0000,0.00,False,0.0000,0.00,-5.3161,4.6839,46.2,38.9,-1,-1,1,-1,
122,2026-02-21T11:40:00.152512+00:00,btc-updown-5m-1771673700,"Bitcoin Up or Down - February 21, 6:35AM-6:40AM ET",11:35:00 UTC,11:40:00 UTC,68133.49,68144.97,11.48,UP,BUY_DOWN,DOWN,0.3700,1.50,False,-1.5000,-100.00,-6.8161,3.1839,45.0,36.5,-1,-1,0,-2,LOW
127,2026-02-21T11:50:00.123623+00:00,btc-updown-5m-1771674300,"Bitcoin Up or Down - February 21, 6:45AM-6:50AM ET",11:45:00 UTC,11:50:00 UTC,68093.99,68088.00,-5.99,DOWN,SKIP_NO_CONSENSUS,,0.0000,0.00,False,0.0000,0.00,-6.8161,3.1839,45.0,28.0,-1,-1,0,-1,
131,2026-02-21T12:00:00.149715+00:00,btc-updown-5m-1771674900,"Bitcoin Up or Down - February 21, 6:55AM-7:00AM ET",11:55:00 UTC,12:00:00 UTC,68108.00,68092.45,-15.55,DOWN,SKIP_NO_CONSENSUS,,0.0000,0.00,False,0.0000,0.00,-6.8161,3.1839,45.0,41.7,-1,1,0,0,
135,2026-02-21T12:10:00.166996+00:00,btc-updown-5m-1771675500,"Bitcoin Up or Down - February 21, 7:05AM-7:10AM ET",12:05:00 UTC,12:10:00 UTC,68117.56,68010.36,-107.20,DOWN,SKIP_NO_CONSENSUS,,0.0000,0.00,False,0.0000,0.00,-6.8161,3.1839,45.0,45.3,-1,1,0,0,
139,2026-02-21T12:20:00.161089+00:00,btc-updown-5m-1771676100,"Bitcoin Up or Down - February 21, 7:15AM-7:20AM ET",12:15:00 UTC,12:20:00 UTC,67989.96,67982.26,-7.70,DOWN,SKIP_NO_CONSENSUS,,0.0000,0.00,False,0.0000,0.00,-6.8161,3.1839,45.0,28.2,-1,-1,0,-1,
143,2026-02-21T12:30:00.150972+00:00,btc-updown-5m-1771676700,"Bitcoin Up or Down - February 21, 7:25AM-7:30AM ET",12:25:00 UTC,12:30:00 UTC,67997.92,67968.00,-29.92,DOWN,SKIP_NO_CONSENSUS,,0.0000,0.00,False,0.0000,0.00,-6.8161,3.1839,45.0,40.6,-1,1,0,0,
147,2026-02-21T12:40:00.155427+00:00,btc-updown-5m-1771677300,"Bitcoin Up or Down - February 21, 7:35AM-7:40AM ET",12:35:00 UTC,12:40:00 UTC,67955.61,68026.57,70.96,UP,SKIP_NO_CONSENSUS,,0.0000,0.00,False,0.0000,0.00,-6.8161,3.1839,45.0,38.0,-1,1,0,0,
151,2026-02-21T12:50:00.142331+00:00,btc-updown-5m-1771677900,"Bitcoin Up or Down - February 21, 7:45AM-7:50AM ET",12:45:00 UTC,12:50:00 UTC,68031.30,68126.00,94.70,UP,BUY_UP,UP,0.5200,1.50,True,1.3846,92.31,-5.4315,4.5685,46.3,60.8,1,1,0,2,LOW
155,2026-02-21T13:00:00.143532+00:00,btc-updown-5m-1771678500,"Bitcoin Up or Down - February 21, 7:55AM-8:00AM ET",12:55:00 UTC,13:00:00 UTC,68184.68,68203.42,18.74,UP,SKIP_NO_CONSENSUS,,0.0000,0.00,False,0.0000,0.00,-5.4315,4.5685,46.3,81.1,1,1,0,1,
159,2026-02-21T13:10:00.117562+00:00,btc-updown-5m-1771679100,"Bitcoin Up or Down - February 21, 8:05AM-8:10AM ET",13:05:00 UTC,13:10:00 UTC,68160.01,68182.86,22.85,UP,SKIP_NO_CONSENSUS,,0.0000,0.00,False,0.0000,0.00,-5.4315,4.5685,46.3,61.0,1,-1,0,0,
163,2026-02-21T13:20:00.143198+00:00,btc-updown-5m-1771679700,"Bitcoin Up or Down - February 21, 8:15AM-8:20AM ET",13:15:00 UTC,13:20:00 UTC,68147.29,68140.89,-6.40,DOWN,SKIP_NO_CONSENSUS,,0.0000,0.00,False,0.0000,0.00,-5.4315,4.5685,46.3,51.5,1,-1,0,0,
167,2026-02-21T13:30:00.161653+00:00,btc-updown-5m-1771680300,"Bitcoin Up or Down - February 21, 8:25AM-8:30AM ET",13:25:00 UTC,13:30:00 UTC,68179.87,68237.93,58.06,UP,SKIP_THIN_BOOK,,0.3700,0.00,False,0.0000,0.00,-5.4315,4.5685,46.3,55.4,1,1,0,2,LOW
171,2026-02-21T13:40:00.132051+00:00,btc-updown-5m-1771680900,"Bitcoin Up or Down - February 21, 8:35AM-8:40AM ET",13:35:00 UTC,13:40:00 UTC,68197.87,68209.23,11.36,UP,SKIP_NO_CONSENSUS,,0.0000,0.00,False,0.0000,0.00,-5.4315,4.5685,46.3,50.8,1,-1,0,0,
175,2026-02-21T13:50:00.129486+00:00,btc-updown-5m-1771681500,"Bitcoin Up or Down - February 21, 8:45AM-8:50AM ET",13:45:00 UTC,13:50:00 UTC,68167.62,68216.80,49.18,UP,BUY_DOWN,DOWN,0.6000,1.50,False,-1.5000,-100.00,-6.9315,3.0685,45.2,44.2,-1,-1,0,-2,LOW
179,2026-02-21T14:00:00.173006+00:00,btc-updown-5m-1771682100,"Bitcoin Up or Down - February 21, 8:55AM-9:00AM ET",13:55:00 UTC,14:00:00 UTC,68202.42,68259.99,57.57,UP,BUY_UP,UP,0.6200,1.50,True,0.9194,61.29,-6.0121,3.9879,46.5,50.8,1,1,0,2,LOW
183,2026-02-21T14:10:00.133591+00:00,btc-updown-5m-1771682700,"Bitcoin Up or Down - February 21, 9:05AM-9:10AM ET",14:05:00 UTC,14:10:00 UTC,68215.70,68245.86,30.16,UP,SKIP_NO_CONSENSUS,,0.0000,0.00,False,0.0000,0.00,-6.0121,3.9879,46.5,49.0,1,-1,0,0,
187,2026-02-21T14:20:00.130406+00:00,btc-updown-5m-1771683300,"Bitcoin Up or Down - February 21, 9:15AM-9:20AM ET",14:15:00 UTC,14:20:00 UTC,68262.24,68243.30,-18.94,DOWN,BUY_UP,UP,0.3100,1.50,False,-1.5000,-100.00,-7.5121,2.4879,45.5,56.1,1,1,0,2,LOW
191,2026-02-21T14:30:00.156433+00:00,btc-updown-5m-1771683900,"Bitcoin Up or Down - February 21, 9:25AM-9:30AM ET",14:25:00 UTC,14:30:00 UTC,68499.99,68432.80,-67.19,DOWN,SKIP_NO_CONSENSUS,,0.0000,0.00,False,0.0000,0.00,-7.5121,2.4879,45.5,71.0,1,1,0,1,
195,2026-02-21T14:40:00.137821+00:00,btc-updown-5m-1771684500,"Bitcoin Up or Down - February 21, 9:35AM-9:40AM ET",14:35:00 UTC,14:40:00 UTC,68536.87,68530.39,-6.48,DOWN,BUY_UP,UP,0.2700,1.50,False,-1.5000,-100.00,-9.0121,0.9879,44.4,61.7,1,1,0,2,LOW
199,2026-02-21T14:50:00.166672+00:00,btc-updown-5m-1771685100,"Bitcoin Up or Down - February 21, 9:45AM-9:50AM ET",14:45:00 UTC,14:50:00 UTC,68541.68,68480.42,-61.26,DOWN,SKIP_NO_CONSENSUS,,0.0000,0.00,False,0.0000,0.00,-9.0121,0.9879,44.4,60.4,1,-1,0,0,
203,2026-02-21T15:00:00.153864+00:00,btc-updown-5m-1771685700,"Bitcoin Up or Down - February 21, 9:55AM-10:00AM ET",14:55:00 UTC,15:00:00 UTC,68486.96,68450.01,-36.95,DOWN,SKIP_NO_CONSENSUS,,0.0000,0.00,False,0.0000,0.00,-9.0121,0.9879,44.4,47.3,1,-1,0,0,
207,2026-02-21T15:10:00.140342+00:00,btc-updown-5m-1771686300,"Bitcoin Up or Down - February 21, 10:05AM-10:10AM ET",15:05:00 UTC,15:10:00 UTC,68440.30,68481.79,41.49,UP,SKIP_THIN_BOOK,,0.4700,0.00,False,0.0000,0.00,-9.0121,0.9879,44.4,44.7,-1,-1,0,-2,LOW
211,2026-02-21T15:20:00.142490+00:00,btc-updown-5m-1771686900,"Bitcoin Up or Down - February 21, 10:15AM-10:20AM ET",15:15:00 UTC,15:20:00 UTC,68489.47,68542.88,53.41,UP,BUY_UP,UP,0.6400,0.99,True,0.5557,56.25,-8.4564,1.5436,45.7,54.2,1,1,0,2,LOW
215,2026-02-21T15:30:00.149673+00:00,btc-updown-5m-1771687500,"Bitcoin Up or Down - February 21, 10:25AM-10:30AM ET",15:25:00 UTC,15:30:00 UTC,68528.62,68453.61,-75.01,DOWN,SKIP_THIN_BOOK,,0.5500,0.00,False,0.0000,0.00,-8.4564,1.5436,45.7,54.9,1,1,0,2,LOW
219,2026-02-21T15:40:00.162933+00:00,btc-updown-5m-1771688100,"Bitcoin Up or Down - February 21, 10:35AM-10:40AM ET",15:35:00 UTC,15:40:00 UTC,68526.00,68512.94,-13.06,DOWN,BUY_UP,UP,0.4000,1.50,False,-1.5000,-100.00,-9.9564,0.0436,44.7,52.9,1,1,0,2,LOW
223,2026-02-21T15:50:00.147604+00:00,btc-updown-5m-1771688700,"Bitcoin Up or Down - February 21, 10:45AM-10:50AM ET",15:45:00 UTC,15:50:00 UTC,68631.72,68663.69,31.97,UP,BUY_UP,UP,0.4100,0.04,True,0.0627,143.90,-9.8937,0.1063,45.8,67.7,1,1,0,2,LOW
227,2026-02-21T16:00:00.147426+00:00,btc-updown-5m-1771689300,"Bitcoin Up or Down - February 21, 10:55AM-11:00AM ET",15:55:00 UTC,16:00:00 UTC,68619.20,68615.00,-4.20,DOWN,SKIP_NO_CONSENSUS,,0.0000,0.00,False,0.0000,0.00,-9.8937,0.1063,45.8,57.8,1,-1,0,0,
231,2026-02-21T16:10:00.139410+00:00,btc-updown-5m-1771689900,"Bitcoin Up or Down - February 21, 11:05AM-11:10AM ET",16:05:00 UTC,16:10:00 UTC,68402.41,68421.01,18.60,UP,SKIP_NO_CONSENSUS,,0.0000,0.00,False,0.0000,0.00,-9.8937,0.1063,45.8,29.0,-1,-1,0,-1,
235,2026-02-21T16:20:00.136726+00:00,btc-updown-5m-1771690500,"Bitcoin Up or Down - February 21, 11:15AM-11:20AM ET",16:15:00 UTC,16:20:00 UTC,68344.82,68262.35,-82.47,DOWN,BUY_DOWN,DOWN,0.6600,0.11,True,0.0548,51.52,-9.8389,0.1611,46.9,31.1,-1,-1,0,-2,LOW
239,2026-02-21T16:30:00.121108+00:00,btc-updown-5m-1771691100,"Bitcoin Up or Down - February 21, 11:25AM-11:30AM ET",16:25:00 UTC,16:30:00 UTC,68197.53,68274.36,76.83,UP,BUY_DOWN,DOWN,0.5100,0.16,False,-0.1611,-100.00,-10.0000,0.0000,46.0,30.1,-1,-1,0,-2,LOW
