candle_num,timestamp,slug,title,candle_start,candle_end,btc_open,btc_close,btc_delta,actual_direction,decision,side_bought,buy_price,bet_amount,won,pnl,pnl_pct,cumulative_pnl,balance,win_rate
1,2026-02-20T18:50:00.015372+00:00,btc-updown-5m-1771613100,"Bitcoin Up or Down - February 20, 1:45PM-1:50PM ET",18:45:00 UTC,18:50:00 UTC,67791.67,67782.39,-9.28,DOWN,SKIP_RISKY,,0.0000,0.00,False,0.0000,0.00,0.0000,10.0000,0.0
2,2026-02-20T19:00:00.025851+00:00,btc-updown-5m-1771613700,"Bitcoin Up or Down - February 20, 1:55PM-2:00PM ET",18:55:00 UTC,19:00:00 UTC,67828.31,67924.22,95.91,UP,SKIP_EXPENSIVE,,0.9900,0.00,False,0.0000,0.00,0.0000,10.0000,0.0
3,2026-02-20T19:10:00.004680+00:00,btc-updown-5m-1771614300,"Bitcoin Up or Down - February 20, 2:05PM-2:10PM ET",19:05:00 UTC,19:10:00 UTC,67703.72,67790.82,87.10,UP,SKIP_EXPENSIVE,,0.9900,0.00,False,0.0000,0.00,0.0000,10.0000,0.0
4,2026-02-20T19:20:00.033404+00:00,btc-updown-5m-1771614900,"Bitcoin Up or Down - February 20, 2:15PM-2:20PM ET",19:15:00 UTC,19:20:00 UTC,67709.08,67724.75,15.67,UP,BUY_UP,UP,0.9100,5.00,True,0.4945,9.89,0.4945,10.4945,100.0
5,2026-02-20T19:30:00.021631+00:00,btc-updown-5m-1771615500,"Bitcoin Up or Down - February 20, 2:25PM-2:30PM ET",19:25:00 UTC,19:30:00 UTC,67729.09,67625.22,-103.87,DOWN,SKIP_EXPENSIVE,,0.9900,0.00,False,0.0000,0.00,0.4945,10.4945,100.0
6,2026-02-20T19:40:00.041449+00:00,btc-updown-5m-1771616100,"Bitcoin Up or Down - February 20, 2:35PM-2:40PM ET",19:35:00 UTC,19:40:00 UTC,67782.69,67762.85,-19.84,DOWN,SKIP_RISKY,,0.0000,0.00,False,0.0000,0.00,0.4945,10.4945,100.0
7,2026-02-20T19:50:00.009615+00:00,btc-updown-5m-1771616700,"Bitcoin Up or Down - February 20, 2:45PM-2:50PM ET",19:45:00 UTC,19:50:00 UTC,67612.30,67583.01,-29.29,DOWN,SKIP_EXPENSIVE,,0.9800,0.00,False,0.0000,0.00,0.4945,10.4945,100.0
8,2026-02-20T20:00:00.028308+00:00,btc-updown-5m-1771617300,"Bitcoin Up or Down - February 20, 2:55PM-3:00PM ET",19:55:00 UTC,20:00:00 UTC,67656.84,67646.03,-10.81,DOWN,BUY_DOWN,DOWN,0.9300,5.00,True,0.3763,7.53,0.8708,10.8708,100.0
9,2026-02-20T20:10:00.003638+00:00,btc-updown-5m-1771617900,"Bitcoin Up or Down - February 20, 3:05PM-3:10PM ET",20:05:00 UTC,20:10:00 UTC,67694.66,67766.77,72.11,UP,SKIP_EXPENSIVE,,0.9900,0.00,False,0.0000,0.00,0.8708,10.8708,100.0
10,2026-02-20T20:20:00.007910+00:00,btc-updown-5m-1771618500,"Bitcoin Up or Down - February 20, 3:15PM-3:20PM ET",20:15:00 UTC,20:20:00 UTC,67814.13,67737.02,-77.11,DOWN,SKIP_EXPENSIVE,,0.9900,0.00,False,0.0000,0.00,0.8708,10.8708,100.0
11,2026-02-20T20:30:00.033950+00:00,btc-updown-5m-1771619100,"Bitcoin Up or Down - February 20, 3:25PM-3:30PM ET",20:25:00 UTC,20:30:00 UTC,67662.75,67580.10,-82.65,DOWN,SKIP_EXPENSIVE,,0.9900,0.00,False,0.0000,0.00,0.8708,10.8708,100.0
12,2026-02-20T20:40:00.010219+00:00,btc-updown-5m-1771619700,"Bitcoin Up or Down - February 20, 3:35PM-3:40PM ET",20:35:00 UTC,20:40:00 UTC,67574.01,67679.24,105.23,UP,SKIP_EXPENSIVE,,0.9900,0.00,False,0.0000,0.00,0.8708,10.8708,100.0
13,2026-02-20T20:50:00.001445+00:00,btc-updown-5m-1771620300,"Bitcoin Up or Down - February 20, 3:45PM-3:50PM ET",20:45:00 UTC,20:50:00 UTC,67734.00,67694.37,-39.63,DOWN,SKIP_EXPENSIVE,,0.9900,0.00,False,0.0000,0.00,0.8708,10.8708,100.0
14,2026-02-20T21:00:00.026701+00:00,btc-updown-5m-1771620900,"Bitcoin Up or Down - February 20, 3:55PM-4:00PM ET",20:55:00 UTC,21:00:00 UTC,67690.01,67750.40,60.39,UP,SKIP_EXPENSIVE,,0.9900,0.00,False,0.0000,0.00,0.8708,10.8708,100.0
15,2026-02-20T21:10:00.006616+00:00,btc-updown-5m-1771621500,"Bitcoin Up or Down - February 20, 4:05PM-4:10PM ET",21:05:00 UTC,21:10:00 UTC,67664.56,67775.21,110.65,UP,SKIP_EXPENSIVE,,0.9800,0.00,False,0.0000,0.00,0.8708,10.8708,100.0
16,2026-02-20T21:20:00.029228+00:00,btc-updown-5m-1771622100,"Bitcoin Up or Down - February 20, 4:15PM-4:20PM ET",21:15:00 UTC,21:20:00 UTC,67720.54,67731.99,11.45,UP,SKIP_EXPENSIVE,,0.9900,0.00,False,0.0000,0.00,0.8708,10.8708,100.0
17,2026-02-20T21:30:00.025225+00:00,btc-updown-5m-1771622700,"Bitcoin Up or Down - February 20, 4:25PM-4:30PM ET",21:25:00 UTC,21:30:00 UTC,67721.86,67746.05,24.19,UP,SKIP_RISKY,,0.0000,0.00,False,0.0000,0.00,0.8708,10.8708,100.0
18,2026-02-20T21:40:00.022669+00:00,btc-updown-5m-1771623300,"Bitcoin Up or Down - February 20, 4:35PM-4:40PM ET",21:35:00 UTC,21:40:00 UTC,67736.28,67799.70,63.42,UP,SKIP_EXPENSIVE,,0.9900,0.00,False,0.0000,0.00,0.8708,10.8708,100.0
19,2026-02-20T21:50:00.005862+00:00,btc-updown-5m-1771623900,"Bitcoin Up or Down - February 20, 4:45PM-4:50PM ET",21:45:00 UTC,21:50:00 UTC,67764.01,67801.81,37.80,UP,SKIP_EXPENSIVE,,0.9800,0.00,False,0.0000,0.00,0.8708,10.8708,100.0
20,2026-02-20T22:00:00.032881+00:00,btc-updown-5m-1771624500,"Bitcoin Up or Down - February 20, 4:55PM-5:00PM ET",21:55:00 UTC,22:00:00 UTC,67796.31,67825.87,29.56,UP,SKIP_RISKY,,0.0000,0.00,False,0.0000,0.00,0.8708,10.8708,100.0
21,2026-02-20T22:10:00.022964+00:00,btc-updown-5m-1771625100,"Bitcoin Up or Down - February 20, 5:05PM-5:10PM ET",22:05:00 UTC,22:10:00 UTC,67788.81,67746.73,-42.08,DOWN,SKIP_WIDE_SPREAD,,0.9700,0.00,False,0.0000,0.00,0.8708,10.8708,100.0
22,2026-02-20T22:20:00.019340+00:00,btc-updown-5m-1771625700,"Bitcoin Up or Down - February 20, 5:15PM-5:20PM ET",22:15:00 UTC,22:20:00 UTC,67659.40,67777.03,117.63,UP,SKIP_EXPENSIVE,,0.9900,0.00,False,0.0000,0.00,0.8708,10.8708,100.0
23,2026-02-20T22:30:00.038134+00:00,btc-updown-5m-1771626300,"Bitcoin Up or Down - February 20, 5:25PM-5:30PM ET",22:25:00 UTC,22:30:00 UTC,67968.00,67936.48,-31.52,DOWN,SKIP_THIN_BOOK,,0.9500,0.00,False,0.0000,0.00,0.8708,10.8708,100.0
24,2026-02-20T22:40:00.009892+00:00,btc-updown-5m-1771626900,"Bitcoin Up or Down - February 20, 5:35PM-5:40PM ET",22:35:00 UTC,22:40:00 UTC,67979.67,68017.19,37.52,UP,SKIP_RISKY,,0.0000,0.00,False,0.0000,0.00,0.8708,10.8708,100.0
25,2026-02-20T22:50:00.003964+00:00,btc-updown-5m-1771627500,"Bitcoin Up or Down - February 20, 5:45PM-5:50PM ET",22:45:00 UTC,22:50:00 UTC,67963.75,68013.40,49.65,UP,SKIP_EXPENSIVE,,0.9900,0.00,False,0.0000,0.00,0.8708,10.8708,100.0
26,2026-02-20T23:00:00.020127+00:00,btc-updown-5m-1771628100,"Bitcoin Up or Down - February 20, 5:55PM-6:00PM ET",22:55:00 UTC,23:00:00 UTC,68049.96,68078.13,28.17,UP,BUY_UP,UP,0.9500,3.00,True,0.1579,5.26,1.0287,11.0287,100.0
27,2026-02-20T23:10:00.019758+00:00,btc-updown-5m-1771628700,"Bitcoin Up or Down - February 20, 6:05PM-6:10PM ET",23:05:00 UTC,23:10:00 UTC,68116.50,68072.30,-44.20,DOWN,BUY_DOWN,DOWN,0.9700,3.00,True,0.0928,3.09,1.1215,11.1215,100.0
28,2026-02-20T23:20:00.038937+00:00,btc-updown-5m-1771629300,"Bitcoin Up or Down - February 20, 6:15PM-6:20PM ET",23:15:00 UTC,23:20:00 UTC,68026.40,67990.50,-35.90,DOWN,SKIP_EXPENSIVE,,0.9800,0.00,False,0.0000,0.00,1.1215,11.1215,100.0
29,2026-02-20T23:30:00.028335+00:00,btc-updown-5m-1771629900,"Bitcoin Up or Down - February 20, 6:25PM-6:30PM ET",23:25:00 UTC,23:30:00 UTC,67975.19,67996.48,21.29,UP,SKIP_WIDE_SPREAD,,0.9000,0.00,False,0.0000,0.00,1.1215,11.1215,100.0
30,2026-02-20T23:40:00.040341+00:00,btc-updown-5m-1771630500,"Bitcoin Up or Down - February 20, 6:35PM-6:40PM ET",23:35:00 UTC,23:40:00 UTC,67975.49,67914.01,-61.48,DOWN,SKIP_EXPENSIVE,,0.9900,0.00,False,0.0000,0.00,1.1215,11.1215,100.0
31,2026-02-20T23:50:00.014095+00:00,btc-updown-5m-1771631100,"Bitcoin Up or Down - February 20, 6:45PM-6:50PM ET",23:45:00 UTC,23:50:00 UTC,67975.91,67962.67,-13.24,DOWN,BUY_UP,UP,0.3700,5.00,False,-5.0000,-100.00,-3.8785,6.1215,80.0
32,2026-02-21T00:00:00.012470+00:00,btc-updown-5m-1771631700,"Bitcoin Up or Down - February 20, 6:55PM-7:00PM ET",23:55:00 UTC,00:00:00 UTC,68017.12,68020.01,2.89,UP,SKIP_RISKY,,0.0000,0.00,False,0.0000,0.00,-3.8785,6.1215,80.0
33,2026-02-21T00:10:00.034661+00:00,btc-updown-5m-1771632300,"Bitcoin Up or Down - February 20, 7:05PM-7:10PM ET",00:05:00 UTC,00:10:00 UTC,68005.72,67976.86,-28.86,DOWN,SKIP_EXPENSIVE,,0.9900,0.00,False,0.0000,0.00,-3.8785,6.1215,80.0
34,2026-02-21T00:20:00.037481+00:00,btc-updown-5m-1771632900,"Bitcoin Up or Down - February 20, 7:15PM-7:20PM ET",00:15:00 UTC,00:20:00 UTC,68017.35,67951.25,-66.10,DOWN,SKIP_EXPENSIVE,,0.9900,0.00,False,0.0000,0.00,-3.8785,6.1215,80.0
35,2026-02-21T00:30:00.001840+00:00,btc-updown-5m-1771633500,"Bitcoin Up or Down - February 20, 7:25PM-7:30PM ET",00:25:00 UTC,00:30:00 UTC,67964.31,67927.99,-36.32,DOWN,SKIP_EXPENSIVE,,0.9900,0.00,False,0.0000,0.00,-3.8785,6.1215,80.0
36,2026-02-21T00:40:00.008539+00:00,btc-updown-5m-1771634100,"Bitcoin Up or Down - February 20, 7:35PM-7:40PM ET",00:35:00 UTC,00:40:00 UTC,67897.87,67910.40,12.53,UP,SKIP_EXPENSIVE,,0.9800,0.00,False,0.0000,0.00,-3.8785,6.1215,80.0
37,2026-02-21T00:50:00.013609+00:00,btc-updown-5m-1771634700,"Bitcoin Up or Down - February 20, 7:45PM-7:50PM ET",00:45:00 UTC,00:50:00 UTC,67840.68,67861.29,20.61,UP,SKIP_RISKY,,0.0000,0.00,False,0.0000,0.00,-3.8785,6.1215,80.0
38,2026-02-21T01:00:00.038467+00:00,btc-updown-5m-1771635300,"Bitcoin Up or Down - February 20, 7:55PM-8:00PM ET",00:55:00 UTC,01:00:00 UTC,67864.48,67841.00,-23.48,DOWN,SKIP_EXPENSIVE,,0.9900,0.00,False,0.0000,0.00,-3.8785,6.1215,80.0
39,2026-02-21T01:10:00.041093+00:00,btc-updown-5m-1771635900,"Bitcoin Up or Down - February 20, 8:05PM-8:10PM ET",01:05:00 UTC,01:10:00 UTC,67884.54,67908.81,24.27,UP,BUY_UP,UP,0.9700,3.00,True,0.0928,3.09,-3.7857,6.2143,83.3
40,2026-02-21T01:20:00.049639+00:00,btc-updown-5m-1771636500,"Bitcoin Up or Down - February 20, 8:15PM-8:20PM ET",01:15:00 UTC,01:20:00 UTC,67918.00,67872.81,-45.19,DOWN,SKIP_EXPENSIVE,,0.9900,0.00,False,0.0000,0.00,-3.7857,6.2143,83.3
41,2026-02-21T01:30:00.032851+00:00,btc-updown-5m-1771637100,"Bitcoin Up or Down - February 20, 8:25PM-8:30PM ET",01:25:00 UTC,01:30:00 UTC,67869.97,67856.59,-13.38,DOWN,SKIP_RISKY,,0.0000,0.00,False,0.0000,0.00,-3.7857,6.2143,83.3
42,2026-02-21T01:40:00.030547+00:00,btc-updown-5m-1771637700,"Bitcoin Up or Down - February 20, 8:35PM-8:40PM ET",01:35:00 UTC,01:40:00 UTC,67879.15,67985.99,106.84,UP,SKIP_EXPENSIVE,,0.9900,0.00,False,0.0000,0.00,-3.7857,6.2143,83.3
43,2026-02-21T01:50:00.038331+00:00,btc-updown-5m-1771638300,"Bitcoin Up or Down - February 20, 8:45PM-8:50PM ET",01:45:00 UTC,01:50:00 UTC,67976.27,67994.48,18.21,UP,SKIP_RISKY,,0.0000,0.00,False,0.0000,0.00,-3.7857,6.2143,83.3
44,2026-02-21T02:00:00.007679+00:00,btc-updown-5m-1771638900,"Bitcoin Up or Down - February 20, 8:55PM-9:00PM ET",01:55:00 UTC,02:00:00 UTC,67966.95,67951.25,-15.70,DOWN,SKIP_RISKY,,0.0000,0.00,False,0.0000,0.00,-3.7857,6.2143,83.3
45,2026-02-21T02:10:00.011891+00:00,btc-updown-5m-1771639500,"Bitcoin Up or Down - February 20, 9:05PM-9:10PM ET",02:05:00 UTC,02:10:00 UTC,67933.99,67998.55,64.56,UP,SKIP_EXPENSIVE,,0.9900,0.00,False,0.0000,0.00,-3.7857,6.2143,83.3
46,2026-02-21T02:20:00.018496+00:00,btc-updown-5m-1771640100,"Bitcoin Up or Down - February 20, 9:15PM-9:20PM ET",02:15:00 UTC,02:20:00 UTC,67989.01,67987.31,-1.70,DOWN,SKIP_RISKY,,0.0000,0.00,False,0.0000,0.00,-3.7857,6.2143,83.3
47,2026-02-21T02:30:00.048592+00:00,btc-updown-5m-1771640700,"Bitcoin Up or Down - February 20, 9:25PM-9:30PM ET",02:25:00 UTC,02:30:00 UTC,68033.15,68055.21,22.06,UP,BUY_UP,UP,0.9700,3.00,True,0.0928,3.09,-3.6929,6.3071,85.7
48,2026-02-21T02:40:00.000571+00:00,btc-updown-5m-1771641300,"Bitcoin Up or Down - February 20, 9:35PM-9:40PM ET",02:35:00 UTC,02:40:00 UTC,68058.28,68074.47,16.19,UP,SKIP_RISKY,,0.0000,0.00,False,0.0000,0.00,-3.6929,6.3071,85.7
49,2026-02-21T02:50:00.012777+00:00,btc-updown-5m-1771641900,"Bitcoin Up or Down - February 20, 9:45PM-9:50PM ET",02:45:00 UTC,02:50:00 UTC,68070.67,68003.95,-66.72,DOWN,SKIP_EXPENSIVE,,0.9900,0.00,False,0.0000,0.00,-3.6929,6.3071,85.7
50,2026-02-21T03:00:00.021969+00:00,btc-updown-5m-1771642500,"Bitcoin Up or Down - February 20, 9:55PM-10:00PM ET",02:55:00 UTC,03:00:00 UTC,68008.50,68001.05,-7.45,DOWN,SKIP_RISKY,,0.0000,0.00,False,0.0000,0.00,-3.6929,6.3071,85.7
51,2026-02-21T03:10:00.011940+00:00,btc-updown-5m-1771643100,"Bitcoin Up or Down - February 20, 10:05PM-10:10PM ET",03:05:00 UTC,03:10:00 UTC,67800.00,67704.20,-95.80,DOWN,SKIP_EXPENSIVE,,0.9900,0.00,False,0.0000,0.00,-3.6929,6.3071,85.7
52,2026-02-21T03:20:00.048098+00:00,btc-updown-5m-1771643700,"Bitcoin Up or Down - February 20, 10:15PM-10:20PM ET",03:15:00 UTC,03:20:00 UTC,67761.42,67751.80,-9.62,DOWN,SKIP_RISKY,,0.0000,0.00,False,0.0000,0.00,-3.6929,6.3071,85.7
53,2026-02-21T03:30:00.015705+00:00,btc-updown-5m-1771644300,"Bitcoin Up or Down - February 20, 10:25PM-10:30PM ET",03:25:00 UTC,03:30:00 UTC,67812.73,67800.29,-12.44,DOWN,SKIP_RISKY,,0.0000,0.00,False,0.0000,0.00,-3.6929,6.3071,85.7
54,2026-02-21T03:40:00.010534+00:00,btc-updown-5m-1771644900,"Bitcoin Up or Down - February 20, 10:35PM-10:40PM ET",03:35:00 UTC,03:40:00 UTC,67797.70,67768.32,-29.38,DOWN,SKIP_RISKY,,0.0000,0.00,False,0.0000,0.00,-3.6929,6.3071,85.7
55,2026-02-21T03:50:00.000422+00:00,btc-updown-5m-1771645500,"Bitcoin Up or Down - February 20, 10:45PM-10:50PM ET",03:45:00 UTC,03:50:00 UTC,67616.93,67634.71,17.78,UP,SKIP_RISKY,,0.0000,0.00,False,0.0000,0.00,-3.6929,6.3071,85.7
56,2026-02-21T04:00:00.006980+00:00,btc-updown-5m-1771646100,"Bitcoin Up or Down - February 20, 10:55PM-11:00PM ET",03:55:00 UTC,04:00:00 UTC,67639.60,67667.77,28.17,UP,SKIP_RISKY,,0.0000,0.00,False,0.0000,0.00,-3.6929,6.3071,85.7
57,2026-02-21T04:10:00.026936+00:00,btc-updown-5m-1771646700,"Bitcoin Up or Down - February 20, 11:05PM-11:10PM ET",04:05:00 UTC,04:10:00 UTC,67631.95,67686.17,54.22,UP,SKIP_EXPENSIVE,,0.9900,0.00,False,0.0000,0.00,-3.6929,6.3071,85.7
58,2026-02-21T04:20:00.015493+00:00,btc-updown-5m-1771647300,"Bitcoin Up or Down - February 20, 11:15PM-11:20PM ET",04:15:00 UTC,04:20:00 UTC,67662.20,67623.76,-38.44,DOWN,SKIP_EXPENSIVE,,0.9900,0.00,False,0.0000,0.00,-3.6929,6.3071,85.7
59,2026-02-21T04:30:00.020768+00:00,btc-updown-5m-1771647900,"Bitcoin Up or Down - February 20, 11:25PM-11:30PM ET",04:25:00 UTC,04:30:00 UTC,67672.59,67717.00,44.41,UP,SKIP_EXPENSIVE,,0.9900,0.00,False,0.0000,0.00,-3.6929,6.3071,85.7
60,2026-02-21T04:40:00.020953+00:00,btc-updown-5m-1771648500,"Bitcoin Up or Down - February 20, 11:35PM-11:40PM ET",04:35:00 UTC,04:40:00 UTC,67714.00,67697.04,-16.96,DOWN,BUY_UP,UP,0.9500,3.00,False,-3.0000,-100.00,-6.6929,3.3071,75.0
64,2026-02-21T04:50:00.042397+00:00,btc-updown-5m-1771649100,"Bitcoin Up or Down - February 20, 11:45PM-11:50PM ET",04:45:00 UTC,04:50:00 UTC,67698.30,67716.66,18.36,UP,SKIP_RISKY,,0.0000,0.00,False,0.0000,0.00,-6.6929,3.3071,75.0
68,2026-02-21T05:00:00.047830+00:00,btc-updown-5m-1771649700,"Bitcoin Up or Down - February 20, 11:55PM-12:00AM ET",04:55:00 UTC,05:00:00 UTC,67749.19,67816.97,67.78,UP,SKIP_EXPENSIVE,,0.9800,0.00,False,0.0000,0.00,-6.6929,3.3071,75.0
72,2026-02-21T05:10:00.013062+00:00,btc-updown-5m-1771650300,"Bitcoin Up or Down - February 21, 12:05AM-12:10AM ET",05:05:00 UTC,05:10:00 UTC,67845.23,67841.96,-3.27,DOWN,SKIP_RISKY,,0.0000,0.00,False,0.0000,0.00,-6.6929,3.3071,75.0
76,2026-02-21T05:20:00.015003+00:00,btc-updown-5m-1771650900,"Bitcoin Up or Down - February 21, 12:15AM-12:20AM ET",05:15:00 UTC,05:20:00 UTC,67848.20,67855.04,6.84,UP,SKIP_RISKY,,0.0000,0.00,False,0.0000,0.00,-6.6929,3.3071,75.0
80,2026-02-21T05:30:00.014826+00:00,btc-updown-5m-1771651500,"Bitcoin Up or Down - February 21, 12:25AM-12:30AM ET",05:25:00 UTC,05:30:00 UTC,67852.97,67860.94,7.97,UP,SKIP_RISKY,,0.0000,0.00,False,0.0000,0.00,-6.6929,3.3071,75.0
84,2026-02-21T05:40:00.027362+00:00,btc-updown-5m-1771652100,"Bitcoin Up or Down - February 21, 12:35AM-12:40AM ET",05:35:00 UTC,05:40:00 UTC,67875.37,67825.35,-50.02,DOWN,SKIP_EXPENSIVE,,0.9800,0.00,False,0.0000,0.00,-6.6929,3.3071,75.0
88,2026-02-21T05:50:00.013791+00:00,btc-updown-5m-1771652700,"Bitcoin Up or Down - February 21, 12:45AM-12:50AM ET",05:45:00 UTC,05:50:00 UTC,67858.55,67823.27,-35.28,DOWN,SKIP_EXPENSIVE,,0.9900,0.00,False,0.0000,0.00,-6.6929,3.3071,75.0
92,2026-02-21T06:00:00.025786+00:00,btc-updown-5m-1771653300,"Bitcoin Up or Down - February 21, 12:55AM-1:00AM ET",05:55:00 UTC,06:00:00 UTC,67867.86,67851.93,-15.93,DOWN,SKIP_RISKY,,0.0000,0.00,False,0.0000,0.00,-6.6929,3.3071,75.0
96,2026-02-21T06:10:00.009944+00:00,btc-updown-5m-1771653900,"Bitcoin Up or Down - February 21, 1:05AM-1:10AM ET",06:05:00 UTC,06:10:00 UTC,67877.91,67867.80,-10.11,DOWN,SKIP_RISKY,,0.0000,0.00,False,0.0000,0.00,-6.6929,3.3071,75.0
100,2026-02-21T06:20:00.040098+00:00,btc-updown-5m-1771654500,"Bitcoin Up or Down - February 21, 1:15AM-1:20AM ET",06:15:00 UTC,06:20:00 UTC,67917.32,67912.00,-5.32,DOWN,SKIP_RISKY,,0.0000,0.00,False,0.0000,0.00,-6.6929,3.3071,75.0
104,2026-02-21T06:30:00.016471+00:00,btc-updown-5m-1771655100,"Bitcoin Up or Down - February 21, 1:25AM-1:30AM ET",06:25:00 UTC,06:30:00 UTC,67888.50,67873.26,-15.24,DOWN,SKIP_RISKY,,0.0000,0.00,False,0.0000,0.00,-6.6929,3.3071,75.0
108,2026-02-21T06:40:00.004880+00:00,btc-updown-5m-1771655700,"Bitcoin Up or Down - February 21, 1:35AM-1:40AM ET",06:35:00 UTC,06:40:00 UTC,67812.99,67759.58,-53.41,DOWN,SKIP_EXPENSIVE,,0.9900,0.00,False,0.0000,0.00,-6.6929,3.3071,75.0
112,2026-02-21T06:50:00.028855+00:00,btc-updown-5m-1771656300,"Bitcoin Up or Down - February 21, 1:45AM-1:50AM ET",06:45:00 UTC,06:50:00 UTC,67778.72,67750.98,-27.74,DOWN,SKIP_EXPENSIVE,,0.9900,0.00,False,0.0000,0.00,-6.6929,3.3071,75.0
116,2026-02-21T07:00:00.039492+00:00,btc-updown-5m-1771656900,"Bitcoin Up or Down - February 21, 1:55AM-2:00AM ET",06:55:00 UTC,07:00:00 UTC,67778.83,67793.38,14.55,UP,SKIP_RISKY,,0.0000,0.00,False,0.0000,0.00,-6.6929,3.3071,75.0
120,2026-02-21T07:10:00.003073+00:00,btc-updown-5m-1771657500,"Bitcoin Up or Down - February 21, 2:05AM-2:10AM ET",07:05:00 UTC,07:10:00 UTC,67762.33,67829.99,67.66,UP,SKIP_EXPENSIVE,,0.9900,0.00,False,0.0000,0.00,-6.6929,3.3071,75.0
124,2026-02-21T07:20:00.007272+00:00,btc-updown-5m-1771658100,"Bitcoin Up or Down - February 21, 2:15AM-2:20AM ET",07:15:00 UTC,07:20:00 UTC,67825.45,67838.93,13.48,UP,SKIP_RISKY,,0.0000,0.00,False,0.0000,0.00,-6.6929,3.3071,75.0
128,2026-02-21T07:30:00.049133+00:00,btc-updown-5m-1771658700,"Bitcoin Up or Down - February 21, 2:25AM-2:30AM ET",07:25:00 UTC,07:30:00 UTC,67850.02,67856.01,5.99,UP,SKIP_RISKY,,0.0000,0.00,False,0.0000,0.00,-6.6929,3.3071,75.0
132,2026-02-21T07:40:00.004395+00:00,btc-updown-5m-1771659300,"Bitcoin Up or Down - February 21, 2:35AM-2:40AM ET",07:35:00 UTC,07:40:00 UTC,67866.20,67869.31,3.11,UP,SKIP_RISKY,,0.0000,0.00,False,0.0000,0.00,-6.6929,3.3071,75.0
136,2026-02-21T07:50:00.022849+00:00,btc-updown-5m-1771659900,"Bitcoin Up or Down - February 21, 2:45AM-2:50AM ET",07:45:00 UTC,07:50:00 UTC,67834.07,67842.33,8.26,UP,SKIP_RISKY,,0.0000,0.00,False,0.0000,0.00,-6.6929,3.3071,75.0
140,2026-02-21T08:00:00.032425+00:00,btc-updown-5m-1771660500,"Bitcoin Up or Down - February 21, 2:55AM-3:00AM ET",07:55:00 UTC,08:00:00 UTC,67845.77,67856.01,10.24,UP,SKIP_RISKY,,0.0000,0.00,False,0.0000,0.00,-6.6929,3.3071,75.0
144,2026-02-21T08:10:00.018956+00:00,btc-updown-5m-1771661100,"Bitcoin Up or Down - February 21, 3:05AM-3:10AM ET",08:05:00 UTC,08:10:00 UTC,67861.69,67893.80,32.11,UP,SKIP_EXPENSIVE,,0.9900,0.00,False,0.0000,0.00,-6.6929,3.3071,75.0
148,2026-02-21T08:20:00.032126+00:00,btc-updown-5m-1771661700,"Bitcoin Up or Down - February 21, 3:15AM-3:20AM ET",08:15:00 UTC,08:20:00 UTC,67910.49,67941.03,30.54,UP,SKIP_EXPENSIVE,,0.9900,0.00,False,0.0000,0.00,-6.6929,3.3071,75.0
152,2026-02-21T08:30:00.024658+00:00,btc-updown-5m-1771662300,"Bitcoin Up or Down - February 21, 3:25AM-3:30AM ET",08:25:00 UTC,08:30:00 UTC,67964.01,67980.85,16.84,UP,SKIP_RISKY,,0.0000,0.00,False,0.0000,0.00,-6.6929,3.3071,75.0
156,2026-02-21T08:40:00.034627+00:00,btc-updown-5m-1771662900,"Bitcoin Up or Down - February 21, 3:35AM-3:40AM ET",08:35:00 UTC,08:40:00 UTC,67988.94,67943.37,-45.57,DOWN,SKIP_EXPENSIVE,,0.9990,0.00,False,0.0000,0.00,-6.6929,3.3071,75.0
160,2026-02-21T08:50:00.014106+00:00,btc-updown-5m-1771663500,"Bitcoin Up or Down - February 21, 3:45AM-3:50AM ET",08:45:00 UTC,08:50:00 UTC,68000.02,67989.95,-10.07,DOWN,SKIP_RISKY,,0.0000,0.00,False,0.0000,0.00,-6.6929,3.3071,75.0
164,2026-02-21T09:00:00.045342+00:00,btc-updown-5m-1771664100,"Bitcoin Up or Down - February 21, 3:55AM-4:00AM ET",08:55:00 UTC,09:00:00 UTC,68018.86,68055.03,36.17,UP,SKIP_EXPENSIVE,,0.9900,0.00,False,0.0000,0.00,-6.6929,3.3071,75.0
168,2026-02-21T09:10:00.012642+00:00,btc-updown-5m-1771664700,"Bitcoin Up or Down - February 21, 4:05AM-4:10AM ET",09:05:00 UTC,09:10:00 UTC,68035.42,67978.90,-56.52,DOWN,SKIP_EXPENSIVE,,0.9900,0.00,False,0.0000,0.00,-6.6929,3.3071,75.0
172,2026-02-21T09:20:00.005446+00:00,btc-updown-5m-1771665300,"Bitcoin Up or Down - February 21, 4:15AM-4:20AM ET",09:15:00 UTC,09:20:00 UTC,68000.27,68116.51,116.24,UP,SKIP_EXPENSIVE,,0.9990,0.00,False,0.0000,0.00,-6.6929,3.3071,75.0
176,2026-02-21T09:30:00.005484+00:00,btc-updown-5m-1771665900,"Bitcoin Up or Down - February 21, 4:25AM-4:30AM ET",09:25:00 UTC,09:30:00 UTC,68272.31,68235.09,-37.22,DOWN,SKIP_EXPENSIVE,,0.9900,0.00,False,0.0000,0.00,-6.6929,3.3071,75.0
180,2026-02-21T09:40:00.005436+00:00,btc-updown-5m-1771666500,"Bitcoin Up or Down - February 21, 4:35AM-4:40AM ET",09:35:00 UTC,09:40:00 UTC,68209.84,68224.77,14.93,UP,SKIP_RISKY,,0.0000,0.00,False,0.0000,0.00,-6.6929,3.3071,75.0
184,2026-02-21T09:50:00.025549+00:00,btc-updown-5m-1771667100,"Bitcoin Up or Down - February 21, 4:45AM-4:50AM ET",09:45:00 UTC,09:50:00 UTC,68194.90,68205.97,11.07,UP,SKIP_RISKY,,0.0000,0.00,False,0.0000,0.00,-6.6929,3.3071,75.0
188,2026-02-21T10:00:00.000636+00:00,btc-updown-5m-1771667700,"Bitcoin Up or Down - February 21, 4:55AM-5:00AM ET",09:55:00 UTC,10:00:00 UTC,68147.02,68147.53,0.51,UP,SKIP_RISKY,,0.0000,0.00,False,0.0000,0.00,-6.6929,3.3071,75.0
192,2026-02-21T10:10:00.015074+00:00,btc-updown-5m-1771668300,"Bitcoin Up or Down - February 21, 5:05AM-5:10AM ET",10:05:00 UTC,10:10:00 UTC,68224.40,68206.91,-17.49,DOWN,SKIP_RISKY,,0.0000,0.00,False,0.0000,0.00,-6.6929,3.3071,75.0
196,2026-02-21T10:20:00.012737+00:00,btc-updown-5m-1771668900,"Bitcoin Up or Down - February 21, 5:15AM-5:20AM ET",10:15:00 UTC,10:20:00 UTC,68182.25,68150.57,-31.68,DOWN,SKIP_EXPENSIVE,,0.9900,0.00,False,0.0000,0.00,-6.6929,3.3071,75.0
200,2026-02-21T10:30:00.004147+00:00,btc-updown-5m-1771669500,"Bitcoin Up or Down - February 21, 5:25AM-5:30AM ET",10:25:00 UTC,10:30:00 UTC,68191.91,68184.94,-6.97,DOWN,SKIP_RISKY,,0.0000,0.00,False,0.0000,0.00,-6.6929,3.3071,75.0
204,2026-02-21T10:40:00.048787+00:00,btc-updown-5m-1771670100,"Bitcoin Up or Down - February 21, 5:35AM-5:40AM ET",10:35:00 UTC,10:40:00 UTC,68181.82,68213.73,31.91,UP,SKIP_EXPENSIVE,,0.9900,0.00,False,0.0000,0.00,-6.6929,3.3071,75.0
208,2026-02-21T10:50:00.043661+00:00,btc-updown-5m-1771670700,"Bitcoin Up or Down - February 21, 5:45AM-5:50AM ET",10:45:00 UTC,10:50:00 UTC,68223.74,68204.00,-19.74,DOWN,SKIP_RISKY,,0.0000,0.00,False,0.0000,0.00,-6.6929,3.3071,75.0
212,2026-02-21T11:00:00.034753+00:00,btc-updown-5m-1771671300,"Bitcoin Up or Down - February 21, 5:55AM-6:00AM ET",10:55:00 UTC,11:00:00 UTC,68164.30,68215.54,51.24,UP,SKIP_EXPENSIVE,,0.9900,0.00,False,0.0000,0.00,-6.6929,3.3071,75.0
216,2026-02-21T11:10:00.036015+00:00,btc-updown-5m-1771671900,"Bitcoin Up or Down - February 21, 6:05AM-6:10AM ET",11:05:00 UTC,11:10:00 UTC,68210.72,68260.78,50.06,UP,SKIP_EXPENSIVE,,0.9900,0.00,False,0.0000,0.00,-6.6929,3.3071,75.0
220,2026-02-21T11:20:00.040239+00:00,btc-updown-5m-1771672500,"Bitcoin Up or Down - February 21, 6:15AM-6:20AM ET",11:15:00 UTC,11:20:00 UTC,68266.00,68246.01,-19.99,DOWN,SKIP_RISKY,,0.0000,0.00,False,0.0000,0.00,-6.6929,3.3071,75.0
224,2026-02-21T11:30:00.005431+00:00,btc-updown-5m-1771673100,"Bitcoin Up or Down - February 21, 6:25AM-6:30AM ET",11:25:00 UTC,11:30:00 UTC,68191.63,68185.60,-6.03,DOWN,SKIP_RISKY,,0.0000,0.00,False,0.0000,0.00,-6.6929,3.3071,75.0
228,2026-02-21T11:40:00.048873+00:00,btc-updown-5m-1771673700,"Bitcoin Up or Down - February 21, 6:35AM-6:40AM ET",11:35:00 UTC,11:40:00 UTC,68133.49,68144.97,11.48,UP,SKIP_RISKY,,0.0000,0.00,False,0.0000,0.00,-6.6929,3.3071,75.0
232,2026-02-21T11:50:00.005375+00:00,btc-updown-5m-1771674300,"Bitcoin Up or Down - February 21, 6:45AM-6:50AM ET",11:45:00 UTC,11:50:00 UTC,68094.00,68088.00,-6.00,DOWN,SKIP_RISKY,,0.0000,0.00,False,0.0000,0.00,-6.6929,3.3071,75.0
236,2026-02-21T12:00:00.017144+00:00,btc-updown-5m-1771674900,"Bitcoin Up or Down - February 21, 6:55AM-7:00AM ET",11:55:00 UTC,12:00:00 UTC,68108.00,68092.45,-15.55,DOWN,SKIP_RISKY,,0.0000,0.00,False,0.0000,0.00,-6.6929,3.3071,75.0
240,2026-02-21T12:10:00.050902+00:00,btc-updown-5m-1771675500,"Bitcoin Up or Down - February 21, 7:05AM-7:10AM ET",12:05:00 UTC,12:10:00 UTC,68117.56,68010.36,-107.20,DOWN,SKIP_EXPENSIVE,,0.9900,0.00,False,0.0000,0.00,-6.6929,3.3071,75.0
244,2026-02-21T12:20:00.014583+00:00,btc-updown-5m-1771676100,"Bitcoin Up or Down - February 21, 7:15AM-7:20AM ET",12:15:00 UTC,12:20:00 UTC,67989.96,67982.26,-7.70,DOWN,SKIP_EXPENSIVE,,0.9900,0.00,False,0.0000,0.00,-6.6929,3.3071,75.0
248,2026-02-21T12:30:00.014354+00:00,btc-updown-5m-1771676700,"Bitcoin Up or Down - February 21, 7:25AM-7:30AM ET",12:25:00 UTC,12:30:00 UTC,67997.93,67968.00,-29.93,DOWN,SKIP_EXPENSIVE,,0.9900,0.00,False,0.0000,0.00,-6.6929,3.3071,75.0
252,2026-02-21T12:40:00.033499+00:00,btc-updown-5m-1771677300,"Bitcoin Up or Down - February 21, 7:35AM-7:40AM ET",12:35:00 UTC,12:40:00 UTC,67955.60,68026.57,70.97,UP,SKIP_EXPENSIVE,,0.9990,0.00,False,0.0000,0.00,-6.6929,3.3071,75.0
256,2026-02-21T12:50:00.016737+00:00,btc-updown-5m-1771677900,"Bitcoin Up or Down - February 21, 7:45AM-7:50AM ET",12:45:00 UTC,12:50:00 UTC,68031.30,68126.00,94.70,UP,SKIP_EXPENSIVE,,0.9900,0.00,False,0.0000,0.00,-6.6929,3.3071,75.0
260,2026-02-21T13:00:00.016388+00:00,btc-updown-5m-1771678500,"Bitcoin Up or Down - February 21, 7:55AM-8:00AM ET",12:55:00 UTC,13:00:00 UTC,68184.68,68203.42,18.74,UP,SKIP_EXPENSIVE,,0.9900,0.00,False,0.0000,0.00,-6.6929,3.3071,75.0
264,2026-02-21T13:10:00.020950+00:00,btc-updown-5m-1771679100,"Bitcoin Up or Down - February 21, 8:05AM-8:10AM ET",13:05:00 UTC,13:10:00 UTC,68160.01,68182.86,22.85,UP,SKIP_RISKY,,0.0000,0.00,False,0.0000,0.00,-6.6929,3.3071,75.0
268,2026-02-21T13:20:00.049932+00:00,btc-updown-5m-1771679700,"Bitcoin Up or Down - February 21, 8:15AM-8:20AM ET",13:15:00 UTC,13:20:00 UTC,68147.29,68140.89,-6.40,DOWN,SKIP_RISKY,,0.0000,0.00,False,0.0000,0.00,-6.6929,3.3071,75.0
272,2026-02-21T13:30:00.048406+00:00,btc-updown-5m-1771680300,"Bitcoin Up or Down - February 21, 8:25AM-8:30AM ET",13:25:00 UTC,13:30:00 UTC,68179.87,68237.93,58.06,UP,SKIP_EXPENSIVE,,0.9900,0.00,False,0.0000,0.00,-6.6929,3.3071,75.0
276,2026-02-21T13:40:00.049960+00:00,btc-updown-5m-1771680900,"Bitcoin Up or Down - February 21, 8:35AM-8:40AM ET",13:35:00 UTC,13:40:00 UTC,68197.87,68209.23,11.36,UP,SKIP_RISKY,,0.0000,0.00,False,0.0000,0.00,-6.6929,3.3071,75.0
280,2026-02-21T13:50:00.047276+00:00,btc-updown-5m-1771681500,"Bitcoin Up or Down - February 21, 8:45AM-8:50AM ET",13:45:00 UTC,13:50:00 UTC,68167.62,68216.80,49.18,UP,SKIP_EXPENSIVE,,0.9900,0.00,False,0.0000,0.00,-6.6929,3.3071,75.0
284,2026-02-21T14:00:00.035702+00:00,btc-updown-5m-1771682100,"Bitcoin Up or Down - February 21, 8:55AM-9:00AM ET",13:55:00 UTC,14:00:00 UTC,68202.42,68259.99,57.57,UP,SKIP_EXPENSIVE,,0.9900,0.00,False,0.0000,0.00,-6.6929,3.3071,75.0
288,2026-02-21T14:10:00.033951+00:00,btc-updown-5m-1771682700,"Bitcoin Up or Down - February 21, 9:05AM-9:10AM ET",14:05:00 UTC,14:10:00 UTC,68215.70,68245.86,30.16,UP,SKIP_RISKY,,0.0000,0.00,False,0.0000,0.00,-6.6929,3.3071,75.0
292,2026-02-21T14:20:00.039998+00:00,btc-updown-5m-1771683300,"Bitcoin Up or Down - February 21, 9:15AM-9:20AM ET",14:15:00 UTC,14:20:00 UTC,68262.24,68243.30,-18.94,DOWN,SKIP_EXPENSIVE,,0.9900,0.00,False,0.0000,0.00,-6.6929,3.3071,75.0
296,2026-02-21T14:30:00.029136+00:00,btc-updown-5m-1771683900,"Bitcoin Up or Down - February 21, 9:25AM-9:30AM ET",14:25:00 UTC,14:30:00 UTC,68499.99,68432.81,-67.18,DOWN,SKIP_EXPENSIVE,,0.9900,0.00,False,0.0000,0.00,-6.6929,3.3071,75.0
300,2026-02-21T14:40:00.023420+00:00,btc-updown-5m-1771684500,"Bitcoin Up or Down - February 21, 9:35AM-9:40AM ET",14:35:00 UTC,14:40:00 UTC,68536.87,68530.39,-6.48,DOWN,SKIP_EXPENSIVE,,0.9900,0.00,False,0.0000,0.00,-6.6929,3.3071,75.0
304,2026-02-21T14:50:00.007694+00:00,btc-updown-5m-1771685100,"Bitcoin Up or Down - February 21, 9:45AM-9:50AM ET",14:45:00 UTC,14:50:00 UTC,68541.68,68480.43,-61.25,DOWN,SKIP_EXPENSIVE,,0.9900,0.00,False,0.0000,0.00,-6.6929,3.3071,75.0
308,2026-02-21T15:00:00.006180+00:00,btc-updown-5m-1771685700,"Bitcoin Up or Down - February 21, 9:55AM-10:00AM ET",14:55:00 UTC,15:00:00 UTC,68486.99,68450.01,-36.98,DOWN,SKIP_EXPENSIVE,,0.9900,0.00,False,0.0000,0.00,-6.6929,3.3071,75.0
312,2026-02-21T15:10:00.044831+00:00,btc-updown-5m-1771686300,"Bitcoin Up or Down - February 21, 10:05AM-10:10AM ET",15:05:00 UTC,15:10:00 UTC,68440.30,68481.79,41.49,UP,SKIP_EXPENSIVE,,0.9900,0.00,False,0.0000,0.00,-6.6929,3.3071,75.0
316,2026-02-21T15:20:00.021437+00:00,btc-updown-5m-1771686900,"Bitcoin Up or Down - February 21, 10:15AM-10:20AM ET",15:15:00 UTC,15:20:00 UTC,68489.47,68542.88,53.41,UP,SKIP_EXPENSIVE,,0.9900,0.00,False,0.0000,0.00,-6.6929,3.3071,75.0
320,2026-02-21T15:30:00.032100+00:00,btc-updown-5m-1771687500,"Bitcoin Up or Down - February 21, 10:25AM-10:30AM ET",15:25:00 UTC,15:30:00 UTC,68528.62,68453.61,-75.01,DOWN,SKIP_EXPENSIVE,,0.9900,0.00,False,0.0000,0.00,-6.6929,3.3071,75.0
324,2026-02-21T15:40:00.034887+00:00,btc-updown-5m-1771688100,"Bitcoin Up or Down - February 21, 10:35AM-10:40AM ET",15:35:00 UTC,15:40:00 UTC,68526.00,68512.94,-13.06,DOWN,SKIP_RISKY,,0.0000,0.00,False,0.0000,0.00,-6.6929,3.3071,75.0
328,2026-02-21T15:50:00.035284+00:00,btc-updown-5m-1771688700,"Bitcoin Up or Down - February 21, 10:45AM-10:50AM ET",15:45:00 UTC,15:50:00 UTC,68631.72,68663.69,31.97,UP,SKIP_EXPENSIVE,,0.9900,0.00,False,0.0000,0.00,-6.6929,3.3071,75.0
332,2026-02-21T16:00:00.015465+00:00,btc-updown-5m-1771689300,"Bitcoin Up or Down - February 21, 10:55AM-11:00AM ET",15:55:00 UTC,16:00:00 UTC,68619.20,68615.00,-4.20,DOWN,SKIP_RISKY,,0.0000,0.00,False,0.0000,0.00,-6.6929,3.3071,75.0
336,2026-02-21T16:10:00.015412+00:00,btc-updown-5m-1771689900,"Bitcoin Up or Down - February 21, 11:05AM-11:10AM ET",16:05:00 UTC,16:10:00 UTC,68402.41,68421.01,18.60,UP,SKIP_RISKY,,0.0000,0.00,False,0.0000,0.00,-6.6929,3.3071,75.0
340,2026-02-21T16:20:00.018760+00:00,btc-updown-5m-1771690500,"Bitcoin Up or Down - February 21, 11:15AM-11:20AM ET",16:15:00 UTC,16:20:00 UTC,68354.00,68262.35,-91.65,DOWN,SKIP_EXPENSIVE,,0.9900,0.00,False,0.0000,0.00,-6.6929,3.3071,75.0
344,2026-02-21T16:30:00.041139+00:00,btc-updown-5m-1771691100,"Bitcoin Up or Down - February 21, 11:25AM-11:30AM ET",16:25:00 UTC,16:30:00 UTC,68193.05,68274.36,81.31,UP,SKIP_EXPENSIVE,,0.9800,0.00,False,0.0000,0.00,-6.6929,3.3071,75.0
348,2026-02-21T16:40:00.049086+00:00,btc-updown-5m-1771691700,"Bitcoin Up or Down - February 21, 11:35AM-11:40AM ET",16:35:00 UTC,16:40:00 UTC,68221.55,68350.50,128.95,UP,SKIP_EXPENSIVE,,0.9800,0.00,False,0.0000,0.00,-6.6929,3.3071,75.0
352,2026-02-21T16:50:00.004741+00:00,btc-updown-5m-1771692300,"Bitcoin Up or Down - February 21, 11:45AM-11:50AM ET",16:45:00 UTC,16:50:00 UTC,68348.31,68313.68,-34.63,DOWN,SKIP_EXPENSIVE,,0.9900,0.00,False,0.0000,0.00,-6.6929,3.3071,75.0
356,2026-02-21T17:00:00.038914+00:00,btc-updown-5m-1771692900,"Bitcoin Up or Down - February 21, 11:55AM-12:00PM ET",16:55:00 UTC,17:00:00 UTC,68350.49,68322.60,-27.89,DOWN,SKIP_EXPENSIVE,,0.9800,0.00,False,0.0000,0.00,-6.6929,3.3071,75.0
360,2026-02-21T17:10:00.009866+00:00,btc-updown-5m-1771693500,"Bitcoin Up or Down - February 21, 12:05PM-12:10PM ET",17:05:00 UTC,17:10:00 UTC,68322.61,68277.40,-45.21,DOWN,SKIP_EXPENSIVE,,0.9800,0.00,False,0.0000,0.00,-6.6929,3.3071,75.0
364,2026-02-21T17:20:00.026415+00:00,btc-updown-5m-1771694100,"Bitcoin Up or Down - February 21, 12:15PM-12:20PM ET",17:15:00 UTC,17:20:00 UTC,68278.59,68238.47,-40.12,DOWN,SKIP_RISKY,,0.0000,0.00,False,0.0000,0.00,-6.6929,3.3071,75.0
368,2026-02-21T17:30:00.006455+00:00,btc-updown-5m-1771694700,"Bitcoin Up or Down - February 21, 12:25PM-12:30PM ET",17:25:00 UTC,17:30:00 UTC,68251.88,68283.38,31.50,UP,BUY_UP,UP,0.9300,3.00,True,0.2258,7.53,-6.4671,3.5329,77.8
372,2026-02-21T17:40:00.018977+00:00,btc-updown-5m-1771695300,"Bitcoin Up or Down - February 21, 12:35PM-12:40PM ET",17:35:00 UTC,17:40:00 UTC,68294.10,68351.97,57.87,UP,SKIP_EXPENSIVE,,0.9900,0.00,False,0.0000,0.00,-6.4671,3.5329,77.8
376,2026-02-21T17:50:00.023070+00:00,btc-updown-5m-1771695900,"Bitcoin Up or Down - February 21, 12:45PM-12:50PM ET",17:45:00 UTC,17:50:00 UTC,68425.60,68441.99,16.39,UP,SKIP_RISKY,,0.0000,0.00,False,0.0000,0.00,-6.4671,3.5329,77.8
380,2026-02-21T18:00:00.006196+00:00,btc-updown-5m-1771696500,"Bitcoin Up or Down - February 21, 12:55PM-1:00PM ET",17:55:00 UTC,18:00:00 UTC,68442.24,68437.45,-4.79,DOWN,SKIP_EXPENSIVE,,0.9900,0.00,False,0.0000,0.00,-6.4671,3.5329,77.8
384,2026-02-21T18:10:00.014609+00:00,btc-updown-5m-1771697100,"Bitcoin Up or Down - February 21, 1:05PM-1:10PM ET",18:05:00 UTC,18:10:00 UTC,68413.05,68383.08,-29.97,DOWN,SKIP_RISKY,,0.0000,0.00,False,0.0000,0.00,-6.4671,3.5329,77.8
388,2026-02-21T18:20:00.019362+00:00,btc-updown-5m-1771697700,"Bitcoin Up or Down - February 21, 1:15PM-1:20PM ET",18:15:00 UTC,18:20:00 UTC,68419.26,68497.89,78.63,UP,BUY_UP,UP,0.6100,3.53,True,2.2587,63.93,-4.2084,5.7916,80.0
389,2026-02-21T18:30:00.032389+00:00,btc-updown-5m-1771698300,"Bitcoin Up or Down - February 21, 1:25PM-1:30PM ET",18:25:00 UTC,18:30:00 UTC,68520.09,68490.45,-29.64,DOWN,BUY_DOWN,DOWN,0.9400,5.00,True,0.3191,6.38,-3.8892,6.1108,81.8
390,2026-02-21T18:40:00.020171+00:00,btc-updown-5m-1771698900,"Bitcoin Up or Down - February 21, 1:35PM-1:40PM ET",18:35:00 UTC,18:40:00 UTC,68498.75,68540.67,41.92,UP,SKIP_EXPENSIVE,,0.9900,0.00,False,0.0000,0.00,-3.8892,6.1108,81.8
391,2026-02-21T18:50:00.035823+00:00,btc-updown-5m-1771699500,"Bitcoin Up or Down - February 21, 1:45PM-1:50PM ET",18:45:00 UTC,18:50:00 UTC,68546.04,68612.01,65.97,UP,SKIP_EXPENSIVE,,0.9900,0.00,False,0.0000,0.00,-3.8892,6.1108,81.8
392,2026-02-21T19:00:00.038148+00:00,btc-updown-5m-1771700100,"Bitcoin Up or Down - February 21, 1:55PM-2:00PM ET",18:55:00 UTC,19:00:00 UTC,68628.65,68574.00,-54.65,DOWN,BUY_DOWN,DOWN,0.8900,5.00,True,0.6180,12.36,-3.2712,6.7288,83.3
393,2026-02-21T19:10:00.014194+00:00,btc-updown-5m-1771700700,"Bitcoin Up or Down - February 21, 2:05PM-2:10PM ET",19:05:00 UTC,19:10:00 UTC,68554.93,68643.98,89.05,UP,SKIP_EXPENSIVE,,0.9900,0.00,False,0.0000,0.00,-3.2712,6.7288,83.3
394,2026-02-21T19:20:00.037694+00:00,btc-updown-5m-1771701300,"Bitcoin Up or Down - February 21, 2:15PM-2:20PM ET",19:15:00 UTC,19:20:00 UTC,68591.34,68599.99,8.65,UP,SKIP_RISKY,,0.0000,0.00,False,0.0000,0.00,-3.2712,6.7288,83.3
395,2026-02-21T19:30:00.021927+00:00,btc-updown-5m-1771701900,"Bitcoin Up or Down - February 21, 2:25PM-2:30PM ET",19:25:00 UTC,19:30:00 UTC,68588.08,68573.69,-14.39,DOWN,SKIP_WIDE_SPREAD,,0.2700,0.00,False,0.0000,0.00,-3.2712,6.7288,83.3
396,2026-02-21T19:40:00.028074+00:00,btc-updown-5m-1771702500,"Bitcoin Up or Down - February 21, 2:35PM-2:40PM ET",19:35:00 UTC,19:40:00 UTC,68603.27,68615.40,12.13,UP,SKIP_RISKY,,0.0000,0.00,False,0.0000,0.00,-3.2712,6.7288,83.3
397,2026-02-21T19:50:00.016511+00:00,btc-updown-5m-1771703100,"Bitcoin Up or Down - February 21, 2:45PM-2:50PM ET",19:45:00 UTC,19:50:00 UTC,68608.93,68602.00,-6.93,DOWN,SKIP_RISKY,,0.0000,0.00,False,0.0000,0.00,-3.2712,6.7288,83.3
398,2026-02-21T20:00:00.015681+00:00,btc-updown-5m-1771703700,"Bitcoin Up or Down - February 21, 2:55PM-3:00PM ET",19:55:00 UTC,20:00:00 UTC,68536.95,68543.51,6.56,UP,SKIP_RISKY,,0.0000,0.00,False,0.0000,0.00,-3.2712,6.7288,83.3
399,2026-02-21T20:10:00.039505+00:00,btc-updown-5m-1771704300,"Bitcoin Up or Down - February 21, 3:05PM-3:10PM ET",20:05:00 UTC,20:10:00 UTC,68504.15,68499.03,-5.12,DOWN,SKIP_RISKY,,0.0000,0.00,False,0.0000,0.00,-3.2712,6.7288,83.3
400,2026-02-21T20:20:00.003320+00:00,btc-updown-5m-1771704900,"Bitcoin Up or Down - February 21, 3:15PM-3:20PM ET",20:15:00 UTC,20:20:00 UTC,68496.58,68564.38,67.80,UP,SKIP_EXPENSIVE,,0.9800,0.00,False,0.0000,0.00,-3.2712,6.7288,83.3
401,2026-02-21T20:30:00.040191+00:00,btc-updown-5m-1771705500,"Bitcoin Up or Down - February 21, 3:25PM-3:30PM ET",20:25:00 UTC,20:30:00 UTC,68565.04,68565.05,0.01,UP,SKIP_RISKY,,0.0000,0.00,False,0.0000,0.00,-3.2712,6.7288,83.3
402,2026-02-21T20:40:00.008800+00:00,btc-updown-5m-1771706100,"Bitcoin Up or Down - February 21, 3:35PM-3:40PM ET",20:35:00 UTC,20:40:00 UTC,68540.75,68431.39,-109.36,DOWN,SKIP_EXPENSIVE,,0.9990,0.00,False,0.0000,0.00,-3.2712,6.7288,83.3
403,2026-02-21T20:50:00.029614+00:00,btc-updown-5m-1771706700,"Bitcoin Up or Down - February 21, 3:45PM-3:50PM ET",20:45:00 UTC,20:50:00 UTC,68385.30,68393.15,7.85,UP,SKIP_RISKY,,0.0000,0.00,False,0.0000,0.00,-3.2712,6.7288,83.3
404,2026-02-21T21:00:00.035355+00:00,btc-updown-5m-1771707300,"Bitcoin Up or Down - February 21, 3:55PM-4:00PM ET",20:55:00 UTC,21:00:00 UTC,68347.95,68211.19,-136.76,DOWN,SKIP_EXPENSIVE,,0.9900,0.00,False,0.0000,0.00,-3.2712,6.7288,83.3
405,2026-02-21T21:10:00.042357+00:00,btc-updown-5m-1771707900,"Bitcoin Up or Down - February 21, 4:05PM-4:10PM ET",21:05:00 UTC,21:10:00 UTC,68268.23,68336.14,67.91,UP,SKIP_RISKY,,0.0000,0.00,False,0.0000,0.00,-3.2712,6.7288,83.3
406,2026-02-21T21:20:00.043197+00:00,btc-updown-5m-1771708500,"Bitcoin Up or Down - February 21, 4:15PM-4:20PM ET",21:15:00 UTC,21:20:00 UTC,68291.03,68342.71,51.68,UP,SKIP_EXPENSIVE,,0.9900,0.00,False,0.0000,0.00,-3.2712,6.7288,83.3
407,2026-02-21T21:30:00.018649+00:00,btc-updown-5m-1771709100,"Bitcoin Up or Down - February 21, 4:25PM-4:30PM ET",21:25:00 UTC,21:30:00 UTC,68364.48,68345.55,-18.93,DOWN,SKIP_RISKY,,0.0000,0.00,False,0.0000,0.00,-3.2712,6.7288,83.3
408,2026-02-21T21:40:00.030601+00:00,btc-updown-5m-1771709700,"Bitcoin Up or Down - February 21, 4:35PM-4:40PM ET",21:35:00 UTC,21:40:00 UTC,68336.09,68319.63,-16.46,DOWN,SKIP_RISKY,,0.0000,0.00,False,0.0000,0.00,-3.2712,6.7288,83.3
409,2026-02-21T21:50:00.013353+00:00,btc-updown-5m-1771710300,"Bitcoin Up or Down - February 21, 4:45PM-4:50PM ET",21:45:00 UTC,21:50:00 UTC,68289.88,68312.64,22.76,UP,SKIP_THIN_BOOK,,0.3300,0.00,False,0.0000,0.00,-3.2712,6.7288,83.3
410,2026-02-21T22:00:00.013762+00:00,btc-updown-5m-1771710900,"Bitcoin Up or Down - February 21, 4:55PM-5:00PM ET",21:55:00 UTC,22:00:00 UTC,68343.14,68379.95,36.81,UP,SKIP_EXPENSIVE,,0.9900,0.00,False,0.0000,0.00,-3.2712,6.7288,83.3
411,2026-02-21T22:10:00.026269+00:00,btc-updown-5m-1771711500,"Bitcoin Up or Down - February 21, 5:05PM-5:10PM ET",22:05:00 UTC,22:10:00 UTC,68403.83,68338.43,-65.40,DOWN,SKIP_EXPENSIVE,,0.9900,0.00,False,0.0000,0.00,-3.2712,6.7288,83.3
412,2026-02-21T22:20:00.005073+00:00,btc-updown-5m-1771712100,"Bitcoin Up or Down - February 21, 5:15PM-5:20PM ET",22:15:00 UTC,22:20:00 UTC,68251.30,68298.00,46.70,UP,SKIP_EXPENSIVE,,0.9900,0.00,False,0.0000,0.00,-3.2712,6.7288,83.3
413,2026-02-21T22:30:00.013142+00:00,btc-updown-5m-1771712700,"Bitcoin Up or Down - February 21, 5:25PM-5:30PM ET",22:25:00 UTC,22:30:00 UTC,68308.00,68263.55,-44.45,DOWN,SKIP_RISKY,,0.0000,0.00,False,0.0000,0.00,-3.2712,6.7288,83.3
414,2026-02-21T22:40:00.011929+00:00,btc-updown-5m-1771713300,"Bitcoin Up or Down - February 21, 5:35PM-5:40PM ET",22:35:00 UTC,22:40:00 UTC,68225.36,68155.87,-69.49,DOWN,SKIP_EXPENSIVE,,0.9900,0.00,False,0.0000,0.00,-3.2712,6.7288,83.3
415,2026-02-21T22:50:00.035402+00:00,btc-updown-5m-1771713900,"Bitcoin Up or Down - February 21, 5:45PM-5:50PM ET",22:45:00 UTC,22:50:00 UTC,68099.02,68121.42,22.40,UP,SKIP_EXPENSIVE,,0.9800,0.00,False,0.0000,0.00,-3.2712,6.7288,83.3
416,2026-02-21T23:00:00.044982+00:00,btc-updown-5m-1771714500,"Bitcoin Up or Down - February 21, 5:55PM-6:00PM ET",22:55:00 UTC,23:00:00 UTC,68090.80,67972.00,-118.80,DOWN,BUY_DOWN,DOWN,0.9700,3.00,True,0.0928,3.09,-3.1784,6.8216,84.6
417,2026-02-21T23:10:00.030216+00:00,btc-updown-5m-1771715100,"Bitcoin Up or Down - February 21, 6:05PM-6:10PM ET",23:05:00 UTC,23:10:00 UTC,67956.00,67990.50,34.50,UP,SKIP_EXPENSIVE,,0.9900,0.00,False,0.0000,0.00,-3.1784,6.8216,84.6
418,2026-02-21T23:20:00.031902+00:00,btc-updown-5m-1771715700,"Bitcoin Up or Down - February 21, 6:15PM-6:20PM ET",23:15:00 UTC,23:20:00 UTC,67950.47,68026.60,76.13,UP,SKIP_EXPENSIVE,,0.9900,0.00,False,0.0000,0.00,-3.1784,6.8216,84.6
419,2026-02-21T23:30:00.041135+00:00,btc-updown-5m-1771716300,"Bitcoin Up or Down - February 21, 6:25PM-6:30PM ET",23:25:00 UTC,23:30:00 UTC,68059.99,68075.77,15.78,UP,SKIP_RISKY,,0.0000,0.00,False,0.0000,0.00,-3.1784,6.8216,84.6
420,2026-02-21T23:40:00.032204+00:00,btc-updown-5m-1771716900,"Bitcoin Up or Down - February 21, 6:35PM-6:40PM ET",23:35:00 UTC,23:40:00 UTC,68101.63,68116.21,14.58,UP,SKIP_RISKY,,0.0000,0.00,False,0.0000,0.00,-3.1784,6.8216,84.6
421,2026-02-21T23:50:00.044073+00:00,btc-updown-5m-1771717500,"Bitcoin Up or Down - February 21, 6:45PM-6:50PM ET",23:45:00 UTC,23:50:00 UTC,68057.99,67991.45,-66.54,DOWN,SKIP_EXPENSIVE,,0.9900,0.00,False,0.0000,0.00,-3.1784,6.8216,84.6
422,2026-02-22T00:00:00.031026+00:00,btc-updown-5m-1771718100,"Bitcoin Up or Down - February 21, 6:55PM-7:00PM ET",23:55:00 UTC,00:00:00 UTC,67984.52,67975.93,-8.59,DOWN,SKIP_THIN_BOOK,,0.2800,0.00,False,0.0000,0.00,-3.1784,6.8216,84.6
423,2026-02-22T00:10:00.048677+00:00,btc-updown-5m-1771718700,"Bitcoin Up or Down - February 21, 7:05PM-7:10PM ET",00:05:00 UTC,00:10:00 UTC,68020.98,68030.52,9.54,UP,SKIP_EXPENSIVE,,0.9900,0.00,False,0.0000,0.00,-3.1784,6.8216,84.6
424,2026-02-22T00:20:00.039545+00:00,btc-updown-5m-1771719300,"Bitcoin Up or Down - February 21, 7:15PM-7:20PM ET",00:15:00 UTC,00:20:00 UTC,68015.09,67994.10,-20.99,DOWN,SKIP_WIDE_SPREAD,,0.8900,0.00,False,0.0000,0.00,-3.1784,6.8216,84.6
425,2026-02-22T00:30:00.033086+00:00,btc-updown-5m-1771719900,"Bitcoin Up or Down - February 21, 7:25PM-7:30PM ET",00:25:00 UTC,00:30:00 UTC,67867.41,67856.03,-11.38,DOWN,SKIP_RISKY,,0.0000,0.00,False,0.0000,0.00,-3.1784,6.8216,84.6
426,2026-02-22T00:40:00.034748+00:00,btc-updown-5m-1771720500,"Bitcoin Up or Down - February 21, 7:35PM-7:40PM ET",00:35:00 UTC,00:40:00 UTC,67858.57,67887.20,28.63,UP,BUY_UP,UP,0.9700,3.00,True,0.0928,3.09,-3.0857,6.9143,85.7
427,2026-02-22T00:50:00.043449+00:00,btc-updown-5m-1771721100,"Bitcoin Up or Down - February 21, 7:45PM-7:50PM ET",00:45:00 UTC,00:50:00 UTC,67858.00,67863.90,5.90,UP,SKIP_RISKY,,0.0000,0.00,False,0.0000,0.00,-3.0857,6.9143,85.7
428,2026-02-22T01:00:00.025701+00:00,btc-updown-5m-1771721700,"Bitcoin Up or Down - February 21, 7:55PM-8:00PM ET",00:55:00 UTC,01:00:00 UTC,67887.71,67946.00,58.29,UP,SKIP_EXPENSIVE,,0.9900,0.00,False,0.0000,0.00,-3.0857,6.9143,85.7
429,2026-02-22T01:10:00.033508+00:00,btc-updown-5m-1771722300,"Bitcoin Up or Down - February 21, 8:05PM-8:10PM ET",01:05:00 UTC,01:10:00 UTC,67992.72,68045.34,52.62,UP,SKIP_EXPENSIVE,,0.9900,0.00,False,0.0000,0.00,-3.0857,6.9143,85.7
430,2026-02-22T01:20:00.050904+00:00,btc-updown-5m-1771722900,"Bitcoin Up or Down - February 21, 8:15PM-8:20PM ET",01:15:00 UTC,01:20:00 UTC,68033.38,68060.00,26.62,UP,SKIP_EXPENSIVE,,0.9900,0.00,False,0.0000,0.00,-3.0857,6.9143,85.7
431,2026-02-22T01:30:00.026146+00:00,btc-updown-5m-1771723500,"Bitcoin Up or Down - February 21, 8:25PM-8:30PM ET",01:25:00 UTC,01:30:00 UTC,68094.69,68116.60,21.91,UP,SKIP_EXPENSIVE,,0.9800,0.00,False,0.0000,0.00,-3.0857,6.9143,85.7
432,2026-02-22T01:40:00.008607+00:00,btc-updown-5m-1771724100,"Bitcoin Up or Down - February 21, 8:35PM-8:40PM ET",01:35:00 UTC,01:40:00 UTC,68076.04,68064.77,-11.27,DOWN,SKIP_RISKY,,0.0000,0.00,False,0.0000,0.00,-3.0857,6.9143,85.7
433,2026-02-22T01:50:00.037061+00:00,btc-updown-5m-1771724700,"Bitcoin Up or Down - February 21, 8:45PM-8:50PM ET",01:45:00 UTC,01:50:00 UTC,68117.84,68160.16,42.32,UP,SKIP_EXPENSIVE,,0.9900,0.00,False,0.0000,0.00,-3.0857,6.9143,85.7
434,2026-02-22T02:00:00.048303+00:00,btc-updown-5m-1771725300,"Bitcoin Up or Down - February 21, 8:55PM-9:00PM ET",01:55:00 UTC,02:00:00 UTC,68150.00,68159.31,9.31,UP,SKIP_RISKY,,0.0000,0.00,False,0.0000,0.00,-3.0857,6.9143,85.7
435,2026-02-22T02:10:00.001631+00:00,btc-updown-5m-1771725900,"Bitcoin Up or Down - February 21, 9:05PM-9:10PM ET",02:05:00 UTC,02:10:00 UTC,68141.81,68201.89,60.08,UP,SKIP_EXPENSIVE,,0.9900,0.00,False,0.0000,0.00,-3.0857,6.9143,85.7
436,2026-02-22T02:20:00.018482+00:00,btc-updown-5m-1771726500,"Bitcoin Up or Down - February 21, 9:15PM-9:20PM ET",02:15:00 UTC,02:20:00 UTC,68208.95,68100.00,-108.95,DOWN,SKIP_EXPENSIVE,,0.9900,0.00,False,0.0000,0.00,-3.0857,6.9143,85.7
437,2026-02-22T02:30:00.048651+00:00,btc-updown-5m-1771727100,"Bitcoin Up or Down - February 21, 9:25PM-9:30PM ET",02:25:00 UTC,02:30:00 UTC,68072.31,68056.09,-16.22,DOWN,SKIP_RISKY,,0.0000,0.00,False,0.0000,0.00,-3.0857,6.9143,85.7
438,2026-02-22T02:40:00.035087+00:00,btc-updown-5m-1771727700,"Bitcoin Up or Down - February 21, 9:35PM-9:40PM ET",02:35:00 UTC,02:40:00 UTC,68112.95,67996.00,-116.95,DOWN,SKIP_EXPENSIVE,,0.9900,0.00,False,0.0000,0.00,-3.0857,6.9143,85.7
439,2026-02-22T02:50:00.032014+00:00,btc-updown-5m-1771728300,"Bitcoin Up or Down - February 21, 9:45PM-9:50PM ET",02:45:00 UTC,02:50:00 UTC,67983.82,67967.89,-15.93,DOWN,SKIP_RISKY,,0.0000,0.00,False,0.0000,0.00,-3.0857,6.9143,85.7
440,2026-02-22T03:00:00.045920+00:00,btc-updown-5m-1771728900,"Bitcoin Up or Down - February 21, 9:55PM-10:00PM ET",02:55:00 UTC,03:00:00 UTC,68001.59,67909.68,-91.91,DOWN,SKIP_EXPENSIVE,,0.9990,0.00,False,0.0000,0.00,-3.0857,6.9143,85.7
441,2026-02-22T03:10:00.016704+00:00,btc-updown-5m-1771729500,"Bitcoin Up or Down - February 21, 10:05PM-10:10PM ET",03:05:00 UTC,03:10:00 UTC,67963.78,68006.68,42.90,UP,SKIP_EXPENSIVE,,0.9900,0.00,False,0.0000,0.00,-3.0857,6.9143,85.7
442,2026-02-22T03:20:00.012572+00:00,btc-updown-5m-1771730100,"Bitcoin Up or Down - February 21, 10:15PM-10:20PM ET",03:15:00 UTC,03:20:00 UTC,68018.00,67848.26,-169.74,DOWN,SKIP_EXPENSIVE,,0.9900,0.00,False,0.0000,0.00,-3.0857,6.9143,85.7
443,2026-02-22T03:30:00.018696+00:00,btc-updown-5m-1771730700,"Bitcoin Up or Down - February 21, 10:25PM-10:30PM ET",03:25:00 UTC,03:30:00 UTC,67891.98,67968.68,76.70,UP,SKIP_EXPENSIVE,,0.9900,0.00,False,0.0000,0.00,-3.0857,6.9143,85.7
444,2026-02-22T03:40:00.008520+00:00,btc-updown-5m-1771731300,"Bitcoin Up or Down - February 21, 10:35PM-10:40PM ET",03:35:00 UTC,03:40:00 UTC,67956.00,67957.53,1.53,UP,SKIP_RISKY,,0.0000,0.00,False,0.0000,0.00,-3.0857,6.9143,85.7
445,2026-02-22T03:50:00.012626+00:00,btc-updown-5m-1771731900,"Bitcoin Up or Down - February 21, 10:45PM-10:50PM ET",03:45:00 UTC,03:50:00 UTC,67992.90,68058.11,65.21,UP,SKIP_EXPENSIVE,,0.9900,0.00,False,0.0000,0.00,-3.0857,6.9143,85.7
446,2026-02-22T04:00:00.049302+00:00,btc-updown-5m-1771732500,"Bitcoin Up or Down - February 21, 10:55PM-11:00PM ET",03:55:00 UTC,04:00:00 UTC,68000.01,68041.42,41.41,UP,SKIP_EXPENSIVE,,0.9900,0.00,False,0.0000,0.00,-3.0857,6.9143,85.7
447,2026-02-22T04:10:00.004828+00:00,btc-updown-5m-1771733100,"Bitcoin Up or Down - February 21, 11:05PM-11:10PM ET",04:05:00 UTC,04:10:00 UTC,68072.02,68031.96,-40.06,DOWN,SKIP_RISKY,,0.0000,0.00,False,0.0000,0.00,-3.0857,6.9143,85.7
448,2026-02-22T04:20:00.040310+00:00,btc-updown-5m-1771733700,"Bitcoin Up or Down - February 21, 11:15PM-11:20PM ET",04:15:00 UTC,04:20:00 UTC,68069.63,68040.00,-29.63,DOWN,SKIP_EXPENSIVE,,0.9900,0.00,False,0.0000,0.00,-3.0857,6.9143,85.7
449,2026-02-22T04:30:00.021787+00:00,btc-updown-5m-1771734300,"Bitcoin Up or Down - February 21, 11:25PM-11:30PM ET",04:25:00 UTC,04:30:00 UTC,68023.74,68013.40,-10.34,DOWN,SKIP_RISKY,,0.0000,0.00,False,0.0000,0.00,-3.0857,6.9143,85.7
450,2026-02-22T04:40:00.007629+00:00,btc-updown-5m-1771734900,"Bitcoin Up or Down - February 21, 11:35PM-11:40PM ET",04:35:00 UTC,04:40:00 UTC,68008.82,67993.67,-15.15,DOWN,SKIP_RISKY,,0.0000,0.00,False,0.0000,0.00,-3.0857,6.9143,85.7
451,2026-02-22T04:50:00.005940+00:00,btc-updown-5m-1771735500,"Bitcoin Up or Down - February 21, 11:45PM-11:50PM ET",04:45:00 UTC,04:50:00 UTC,67987.14,67981.80,-5.34,DOWN,SKIP_RISKY,,0.0000,0.00,False,0.0000,0.00,-3.0857,6.9143,85.7
452,2026-02-22T05:00:00.037201+00:00,btc-updown-5m-1771736100,"Bitcoin Up or Down - February 21, 11:55PM-12:00AM ET",04:55:00 UTC,05:00:00 UTC,68004.33,67983.50,-20.83,DOWN,BUY_DOWN,DOWN,0.9700,3.00,True,0.0928,3.09,-2.9929,7.0071,86.7
453,2026-02-22T05:10:00.009343+00:00,btc-updown-5m-1771736700,"Bitcoin Up or Down - February 22, 12:05AM-12:10AM ET",05:05:00 UTC,05:10:00 UTC,67977.49,67956.93,-20.56,DOWN,BUY_DOWN,DOWN,0.9300,3.00,True,0.2258,7.53,-2.7671,7.2329,87.5
454,2026-02-22T05:20:00.015610+00:00,btc-updown-5m-1771737300,"Bitcoin Up or Down - February 22, 12:15AM-12:20AM ET",05:15:00 UTC,05:20:00 UTC,67913.79,67900.91,-12.88,DOWN,SKIP_RISKY,,0.0000,0.00,False,0.0000,0.00,-2.7671,7.2329,87.5
